TCGA-FV-A3I0-01A-11R-A22L-07,TCGA-DD-A3A6-11A-11R-A22L-07,TCGA-DD-A3A6-01A-11R-A22L-07,TCGA-BD-A3ER-01A-11R-A213-07,TCGA-CC-5261-01A-01R-A131-07,TCGA-DD-AAVZ-01A-11R-A41C-07,TCGA-DD-AADN-01A-11R-A41C-07,TCGA-DD-A1EB-01A-11R-A131-07,TCGA-LG-A9QD-01A-11R-A38B-07,TCGA-G3-A25T-01A-11R-A16W-07,TCGA-XR-A8TE-01A-11R-A36F-07,TCGA-DD-AACA-01A-11R-A41C-07,TCGA-FV-A4ZQ-01A-11R-A266-07,TCGA-CC-A1HT-01A-11R-A131-07,TCGA-DD-AAD5-01A-11R-A41C-07,TCGA-K7-A5RF-01A-11R-A28V-07,TCGA-DD-AADA-01A-11R-A41C-07,TCGA-MI-A75I-01A-11R-A32O-07,TCGA-DD-AAD0-01A-11R-A41C-07,TCGA-DD-AACN-01A-11R-A41C-07,TCGA-DD-AAW0-01A-11R-A41C-07,TCGA-BC-A10R-11A-11R-A131-07,TCGA-BC-A10R-01A-11R-A131-07,TCGA-DD-AAD3-01A-11R-A41C-07,TCGA-2Y-A9GZ-01A-11R-A39D-07,TCGA-DD-A11B-01A-11R-A131-07,TCGA-DD-AAVU-01A-11R-A41C-07,TCGA-XR-A8TG-01A-11R-A36F-07,TCGA-DD-AADJ-01A-11R-A41C-07,TCGA-G3-A5SJ-01A-11R-A27V-07,TCGA-ED-A66Y-01A-11R-A311-07,TCGA-BC-A112-01A-11R-A131-07,TCGA-FV-A3I1-01A-11R-A22L-07,TCGA-DD-A4NV-01A-11R-A311-07,TCGA-T1-A6J8-01A-11R-A32O-07,TCGA-DD-A1EC-01A-21R-A131-07,TCGA-UB-A7MD-01A-12R-A352-07,TCGA-DD-AACT-01A-11R-A41C-07,TCGA-DD-AADS-01A-11R-A41C-07,TCGA-ED-A7PX-01A-51R-A352-07,TCGA-FV-A23B-01A-11R-A16W-07,TCGA-DD-A4NF-01A-11R-A27V-07,TCGA-FV-A23B-11A-11R-A16W-07,TCGA-DD-AACO-01A-11R-A41C-07,TCGA-G3-A7M7-01A-12R-A352-07,TCGA-CC-5262-01A-01R-A131-07,TCGA-BC-A10U-11A-11R-A131-07,TCGA-G3-A7M8-01A-11R-A33R-07,TCGA-DD-AAEH-01A-11R-A41C-07,TCGA-BC-4073-01B-02R-A131-07,TCGA-DD-A114-11A-12R-A131-07,TCGA-RG-A7D4-01A-12R-A33R-07,TCGA-G3-AAV4-01A-11R-A38B-07,TCGA-DD-AACQ-01A-11R-A41C-07,TCGA-DD-A1ED-01A-11R-A155-07,TCGA-EP-A2KB-01A-11R-A180-07,TCGA-BD-A2L6-01A-11R-A213-07,TCGA-G3-A5SI-01A-31R-A27V-07,TCGA-G3-AAV2-01A-11R-A37K-07,TCGA-GJ-A6C0-01A-12R-A311-07,TCGA-DD-A73D-01A-12R-A32O-07,TCGA-ED-A7XO-01A-11R-A352-07,TCGA-G3-A5SK-01A-11R-A27V-07,TCGA-ED-A8O5-01A-11R-A36F-07,TCGA-2Y-A9GT-01A-11R-A38B-07,TCGA-DD-AAW1-01A-11R-A41C-07,TCGA-CC-A3MB-01A-11R-A213-07,TCGA-ZP-A9CZ-01A-11R-A38B-07,TCGA-G3-A7M6-01A-11R-A33R-07,TCGA-HP-A5MZ-01A-21R-A27V-07,TCGA-G3-A3CG-01A-11R-A213-07,TCGA-FV-A3I0-11A-11R-A22L-07,TCGA-ES-A2HS-01A-11R-A180-07,TCGA-FV-A3I1-11A-11R-A22L-07,TCGA-UB-A7MA-01A-11R-A33R-07,TCGA-KR-A7K2-01A-12R-A33R-07,TCGA-DD-AACP-01A-11R-A41C-07,TCGA-K7-A5RG-01A-11R-A28V-07,TCGA-2Y-A9HA-01A-11R-A39D-07,TCGA-WJ-A86L-01A-12R-A39D-07,TCGA-RC-A6M3-01A-11R-A32O-07,TCGA-DD-A39X-01A-11R-A213-07,TCGA-DD-AADL-01A-11R-A41C-07,TCGA-2Y-A9GU-01A-11R-A38B-07,TCGA-WQ-AB4B-01A-11R-A41C-07,TCGA-DD-AAE9-01A-11R-A41C-07,TCGA-MR-A8JO-01A-12R-A36F-07,TCGA-2Y-A9H1-01A-11R-A38B-07,TCGA-DD-AADK-01A-11R-A41C-07,TCGA-BC-A10U-01A-11R-A131-07,TCGA-DD-AAE1-01A-11R-A41C-07,TCGA-FV-A4ZP-01A-12R-A266-07,TCGA-DD-AAVP-01A-11R-A41C-07,TCGA-DD-A11C-11A-11R-A131-07,TCGA-DD-A4NP-01A-11R-A28V-07,TCGA-DD-A11C-01A-11R-A131-07,TCGA-CC-A9FW-01A-11R-A37K-07,TCGA-DD-A114-01A-11R-A131-07,TCGA-MI-A75E-01A-11R-A32O-07,TCGA-WX-AA46-01A-11R-A39D-07,TCGA-G3-A25X-01A-11R-A16W-07,TCGA-DD-AAW2-01A-11R-A41C-07,TCGA-DD-AAD2-01A-11R-A41C-07,TCGA-5C-A9VG-01A-11R-A37K-07,TCGA-BC-A3KF-01A-11R-A213-07,TCGA-DD-A11D-11A-12R-A131-07,TCGA-G3-A7M9-01A-23R-A352-07,TCGA-2Y-A9H7-01A-11R-A39D-07,TCGA-DD-AAVW-01A-11R-A41C-07,TCGA-BD-A2L6-11A-21R-A213-07,TCGA-DD-A4NB-01A-12R-A266-07,TCGA-PD-A5DF-01A-11R-A27V-07,TCGA-DD-A1EF-01A-11R-A131-07,TCGA-MI-A75G-01A-11R-A32O-07,TCGA-DD-AADW-01A-11R-A39D-07,TCGA-XR-A8TF-01A-11R-A36F-07,TCGA-CC-A5UE-01A-11R-A28V-07,TCGA-DD-A1EL-01A-11R-A155-07,TCGA-5R-AA1C-01A-11R-A41C-07,TCGA-DD-AAD8-01A-11R-A41C-07,TCGA-MR-A520-01A-11R-A266-07,TCGA-G3-AAV5-01A-11R-A37K-07,TCGA-EP-A3JL-01A-11R-A213-07,TCGA-BC-A110-11A-11R-A131-07,TCGA-BC-A110-01A-11R-A131-07,TCGA-DD-AADF-01A-11R-A41C-07,TCGA-XR-A8TC-01A-11R-A36F-07,TCGA-ZP-A9D2-01A-11R-A38B-07,TCGA-ZP-A9CY-01A-11R-A38B-07,TCGA-DD-A1EC-11A-11R-A131-07,TCGA-CC-A8HT-01A-11R-A36F-07,TCGA-ZS-A9CD-01A-11R-A37K-07,TCGA-CC-A3MC-01A-11R-A22L-07,TCGA-DD-A1EB-11A-11R-A131-07,TCGA-LG-A9QC-01A-11R-A37K-07,TCGA-DD-A39X-11A-11R-A213-07,TCGA-CC-A8HU-01A-11R-A36F-07,TCGA-DD-A11D-01A-11R-A131-07,TCGA-DD-A11B-11A-11R-A131-07,TCGA-G3-A25Y-01A-11R-A16W-07,TCGA-K7-AAU7-01A-11R-A38B-07,TCGA-DD-A1EL-11A-11R-A155-07,TCGA-DD-AAD1-01A-11R-A41C-07,TCGA-DD-AACH-01A-11R-A41C-07,TCGA-2V-A95S-01A-11R-A37K-07,TCGA-RC-A7SH-01A-11R-A38B-07,TCGA-CC-A7IE-01A-21R-A38B-07,TCGA-BC-A10Q-01A-11R-A131-07,TCGA-BC-A10Q-11A-11R-A131-07,TCGA-FV-A3R2-11A-11R-A22L-07,TCGA-FV-A3R2-01A-11R-A22L-07,TCGA-RC-A7SB-01A-21R-A352-07,TCGA-5R-AAAM-01A-12R-A41C-07,TCGA-DD-AACX-01A-11R-A41C-07,TCGA-DD-AADQ-01A-11R-A41C-07,TCGA-DD-A1EI-01A-11R-A131-07,TCGA-DD-AAEE-01A-11R-A41C-07,TCGA-GJ-A9DB-01A-11R-A37K-07,TCGA-KR-A7K8-01A-11R-A33J-07,TCGA-DD-A3A3-01A-11R-A22L-07,TCGA-ED-A459-01A-11R-A266-07,TCGA-2Y-A9H5-01A-11R-A38B-07,TCGA-DD-AAE0-01A-11R-A41C-07,TCGA-XR-A8TD-01A-12R-A39D-07,TCGA-DD-A4NR-01A-11R-A311-07,TCGA-CC-A7IG-01A-11R-A33J-07,TCGA-DD-A73B-01A-12R-A32O-07,TCGA-CC-5264-01A-01R-A131-07,TCGA-BC-A5W4-01A-11R-A28V-07,TCGA-RC-A7SF-01A-11R-A352-07,TCGA-DD-A1EE-01A-11R-A131-07,TCGA-BC-A3KG-01A-11R-A213-07,TCGA-DD-A119-01A-11R-A131-07,TCGA-DD-AAEK-01A-11R-A41C-07,TCGA-O8-A75V-01A-11R-A32O-07,TCGA-ED-A7PZ-01A-11R-A33R-07,TCGA-ED-A97K-01A-21R-A38B-07,TCGA-DD-A1EA-01A-11R-A131-07,TCGA-DD-A118-11A-11R-A131-07,TCGA-DD-A118-01A-11R-A131-07,TCGA-DD-A4NG-01A-11R-A27V-07,TCGA-DD-A4NJ-01A-11R-A27V-07,TCGA-DD-AADG-01A-11R-A41C-07,TCGA-K7-A6G5-01A-11R-A311-07,TCGA-BC-A10T-01A-11R-A131-07,TCGA-HP-A5N0-01A-11R-A28V-07,TCGA-FV-A496-01A-11R-A266-07,TCGA-DD-AACV-01A-11R-A41C-07,TCGA-3K-AAZ8-01A-12R-A39D-07,TCGA-CC-A3M9-01A-11R-A213-07,TCGA-UB-A7MF-01A-11R-A33J-07,TCGA-2Y-A9GS-01A-12R-A38B-07,TCGA-DD-A1EK-01A-11R-A213-07,TCGA-DD-AAE6-01A-11R-A41C-07,TCGA-DD-A116-11A-12R-A26B-07,TCGA-MI-A75C-01A-11R-A32O-07,TCGA-DD-A3A4-01A-11R-A22L-07,TCGA-DD-A113-01A-11R-A131-07,TCGA-DD-AACE-01A-11R-A41C-07,TCGA-UB-A7MB-01A-11R-A33R-07,TCGA-ED-A66X-01A-11R-A311-07,TCGA-QA-A7B7-01A-11R-A32O-07,TCGA-EP-A26S-11A-12R-A16W-07,TCGA-G3-A25S-01A-11R-A16W-07,TCGA-G3-A3CI-01A-11R-A213-07,TCGA-DD-A4NE-01A-11R-A27V-07,TCGA-FV-A495-01A-11R-A266-07,TCGA-G3-A25U-01A-11R-A16W-07,TCGA-ED-A4XI-01A-11R-A266-07,TCGA-UB-A7ME-01A-11R-A33J-07,TCGA-DD-A39Y-01A-11R-A213-07,TCGA-LG-A6GG-01A-11R-A311-07,TCGA-DD-A4ND-01A-11R-A266-07,TCGA-CC-5260-01A-01R-A131-07,TCGA-DD-AADU-01A-11R-A41C-07,TCGA-G3-A3CJ-01A-11R-A213-07,TCGA-BD-A3EP-01A-11R-A22L-07,TCGA-DD-AACK-01A-11R-A41C-07,TCGA-DD-A3A5-11A-11R-A22L-07,TCGA-DD-A3A5-01A-11R-A22L-07,TCGA-CC-A123-01A-11R-A131-07,TCGA-DD-AACY-01A-11R-A41C-07,TCGA-UB-AA0V-01A-11R-A38B-07,TCGA-BD-A3EP-11A-12R-A22L-07,TCGA-CC-A7IH-01A-11R-A33J-07,TCGA-BC-A8YO-01A-11R-A37K-07,TCGA-DD-AACI-01A-11R-A41C-07,TCGA-G3-AAV1-01A-11R-A38B-07,TCGA-RC-A7S9-01A-11R-A33R-07,TCGA-2Y-A9H9-01A-21R-A39D-07,TCGA-GJ-A3OU-01A-31R-A38B-07,TCGA-G3-AAV3-01A-11R-A37K-07,TCGA-DD-AAEB-01A-11R-A41C-07,TCGA-EP-A3RK-01A-11R-A22L-07,TCGA-EP-A3RK-11A-11R-A22L-07,TCGA-MI-A75H-01A-11R-A32O-07,TCGA-DD-AAEI-01A-11R-A41C-07,TCGA-G3-A25Z-01A-11R-A16W-07,TCGA-FV-A3R3-01A-11R-A22L-07,TCGA-2Y-A9GW-01A-11R-A38B-07,TCGA-ZS-A9CG-01A-11R-A37K-07,TCGA-ZP-A9D0-01A-11R-A37K-07,TCGA-DD-A4NH-01A-11R-A27V-07,TCGA-DD-AADC-01A-11R-A41C-07,TCGA-DD-AAD6-01A-11R-A41C-07,TCGA-DD-AACD-01A-11R-A41C-07,TCGA-NI-A8LF-01A-11R-A36F-07,TCGA-ZP-A9D4-01A-11R-A37K-07,TCGA-DD-AAE7-01A-11R-A41C-07,TCGA-DD-A39Z-01A-11R-A213-07,TCGA-DD-A39Z-11A-21R-A213-07,TCGA-EP-A2KA-01A-11R-A180-07,TCGA-G3-A3CH-11A-11R-A22L-07,TCGA-G3-A3CH-01A-11R-A22L-07,TCGA-DD-A1EI-11A-11R-A131-07,TCGA-DD-A3A9-01A-11R-A266-07,TCGA-DD-AAC8-01A-11R-A41C-07,TCGA-BC-A216-01A-11R-A155-07,TCGA-DD-AADV-01A-11R-A39D-07,TCGA-DD-AAE2-01A-11R-A41C-07,TCGA-G3-AAV7-01A-11R-A38B-07,TCGA-CC-A9FU-01A-11R-A37K-07,TCGA-DD-A11A-11A-11R-A131-07,TCGA-5C-A9VH-01A-11R-A37K-07,TCGA-WX-AA44-01A-11R-A39D-07,TCGA-BC-A10Y-11A-11R-A131-07,TCGA-BC-A10Y-01A-11R-A131-07,TCGA-DD-A1EG-11A-11R-A213-07,TCGA-DD-A1EG-01A-11R-A213-07,TCGA-DD-A1EE-11A-11R-A131-07,TCGA-2Y-A9GY-01A-11R-A38B-07,TCGA-DD-A119-11A-11R-A131-07,TCGA-DD-A4NO-01A-11R-A28V-07,TCGA-DD-AACW-01A-11R-A41C-07,TCGA-BC-A69H-01A-11R-A311-07,TCGA-DD-A3A8-11A-11R-A22L-07,TCGA-DD-A3A8-01A-11R-A22L-07,TCGA-5C-AAPD-01A-21R-A39D-07,TCGA-KR-A7K7-01A-11R-A33J-07,TCGA-2Y-A9H4-01A-11R-A38B-07,TCGA-DD-A3A1-11A-11R-A213-07,TCGA-G3-A6UC-01A-21R-A33J-07,TCGA-CC-A5UC-01A-11R-A28V-07,TCGA-BC-A10T-11A-11R-A131-07,TCGA-DD-AAVR-01A-11R-A41C-07,TCGA-DD-AADO-01A-11R-A41C-07,TCGA-DD-AAVV-01A-11R-A41C-07,TCGA-ED-A627-01A-12R-A311-07,TCGA-ZP-A9CV-01A-11R-A38B-07,TCGA-DD-AADI-01A-11R-A41C-07,TCGA-DD-AACJ-01A-11R-A41C-07,TCGA-DD-A116-01A-11R-A131-07,TCGA-RC-A6M6-01A-11R-A32O-07,TCGA-CC-5263-01A-01R-A131-07,TCGA-G3-A5SL-01A-11R-A27V-07,TCGA-NI-A4U2-01A-11R-A28V-07,TCGA-ED-A82E-01A-11R-A352-07,TCGA-UB-AA0U-01A-11R-A38B-07,TCGA-2Y-A9H3-01A-11R-A38B-07,TCGA-CC-A7II-01A-11R-A33J-07,TCGA-DD-A3A4-11A-11R-A22L-07,TCGA-DD-AACG-01A-11R-A41C-07,TCGA-DD-AAC9-01A-11R-A41C-07,TCGA-DD-AAVX-01A-11R-A41C-07,TCGA-2Y-A9HB-01A-11R-A39D-07,TCGA-RC-A7SK-01A-11R-A352-07,TCGA-DD-AADD-01A-11R-A41C-07,TCGA-EP-A26S-01A-11R-A16W-07,TCGA-DD-A4NN-01A-11R-A28V-07,TCGA-CC-A7IL-01A-11R-A33R-07,TCGA-DD-AAEG-01A-11R-A39D-07,TCGA-ED-A7XP-01A-11R-A352-07,TCGA-DD-A4NA-01A-11R-A266-07,TCGA-BW-A5NQ-01A-11R-A27V-07,TCGA-ED-A5KG-01A-11R-A27V-07,TCGA-RC-A6M5-01A-11R-A32O-07,TCGA-FV-A2QQ-01A-11R-A22L-07,TCGA-DD-A1EH-01A-11R-A131-07,TCGA-2Y-A9H2-01A-12R-A38B-07,TCGA-DD-A1EH-11A-11R-A131-07,TCGA-CC-A8HS-01A-11R-A36F-07,TCGA-G3-A5SM-01A-12R-A28V-07,TCGA-CC-A7IF-01A-11R-A33J-07,TCGA-FV-A2QR-11A-11R-A213-07,TCGA-DD-A73E-01A-12R-A32O-07,TCGA-DD-A39V-01A-11R-A213-07,TCGA-DD-A39V-11A-11R-A213-07,TCGA-CC-A7IK-01A-12R-A33R-07,TCGA-DD-AACC-01A-11R-A41C-07,TCGA-G3-A25V-01A-11R-A16W-07,TCGA-CC-A9FS-01A-11R-A37K-07,TCGA-UB-A7MC-01A-11R-A33R-07,TCGA-BC-A10X-11A-11R-A131-07,TCGA-RC-A6M4-01A-11R-A32O-07,TCGA-BC-A10W-01A-11R-A131-07,TCGA-DD-A39W-01A-11R-A213-07,TCGA-WX-AA47-01A-11R-A39D-07,TCGA-DD-A39W-11A-11R-A213-07,TCGA-G3-A3CK-01A-11R-A213-07,TCGA-ZP-A9D1-01A-11R-A38B-07,TCGA-WQ-A9G7-01A-11R-A37K-07,TCGA-2Y-A9H0-01A-11R-A38B-07,TCGA-DD-A115-01A-11R-A131-07,TCGA-DD-AAE3-01A-11R-A41C-07,TCGA-DD-A73G-01A-22R-A32O-07,TCGA-DD-AACL-01A-11R-A41C-07,TCGA-DD-A3A3-11A-11R-A22L-07,TCGA-BC-A216-11A-11R-A155-07,TCGA-BC-4072-01B-11R-A155-07,TCGA-DD-A4NI-01A-11R-A27V-07,TCGA-DD-A1EJ-01A-11R-A155-07,TCGA-DD-AAW3-01A-11R-A41C-07,TCGA-DD-A1EJ-11A-11R-A155-07,TCGA-BW-A5NP-01A-11R-A27V-07,TCGA-DD-AA3A-01A-11R-A37K-07,TCGA-DD-AADB-01A-11R-A41C-07,TCGA-DD-AAED-01A-12R-A41C-07,TCGA-DD-A11A-01A-11R-A131-07,TCGA-BC-A10S-01A-22R-A131-07,TCGA-KR-A7K0-01A-12R-A33R-07,TCGA-CC-A8HV-01A-11R-A36F-07,TCGA-CC-A3MA-01A-11R-A213-07,TCGA-DD-A4NK-01A-11R-A28V-07,TCGA-DD-A3A7-01A-11R-A22L-07,TCGA-CC-5258-01A-01R-A131-07,TCGA-BC-A69I-01A-11R-A311-07,TCGA-DD-AADM-01A-11R-A41C-07,TCGA-DD-AACF-01A-11R-A41C-07,TCGA-EP-A2KC-01A-11R-A213-07,TCGA-CC-5259-01A-31R-A213-07,TCGA-DD-AACB-01A-11R-A41C-07,TCGA-BC-A217-01A-11R-A155-07,TCGA-G3-AAV0-01A-11R-A37K-07,TCGA-BC-A10Z-01A-11R-A131-07,TCGA-BC-A10Z-11A-11R-A131-07,TCGA-DD-A73C-01A-12R-A33J-07,TCGA-ZS-A9CF-01A-11R-A38B-07,TCGA-G3-A7M5-01A-11R-A33R-07,TCGA-DD-A73F-01A-11R-A32O-07,TCGA-ZS-A9CE-01A-11R-A37K-07,TCGA-ES-A2HT-01A-12R-A180-07,TCGA-ES-A2HT-11A-11R-A180-07,TCGA-DD-A3A1-01A-11R-A213-07,TCGA-DD-AAVQ-01A-11R-A41C-07,TCGA-DD-AACU-01A-11R-A41C-07,TCGA-DD-AADR-01A-11R-A41C-07,TCGA-DD-AACS-01A-11R-A41C-07,TCGA-ED-A8O6-01A-11R-A36F-07,TCGA-EP-A12J-01A-11R-A131-07,TCGA-EP-A12J-11A-11R-A131-07,TCGA-DD-AAVS-01A-11R-A41C-07,TCGA-ED-A7PY-01A-11R-A33R-07,TCGA-DD-AADP-01A-11R-A39D-07,TCGA-4R-AA8I-01A-11R-A38B-07,TCGA-G3-AAV6-01A-21R-A37K-07,TCGA-DD-A4NS-01A-11R-A311-07,TCGA-DD-A113-11A-12R-A131-07,TCGA-DD-A73A-01A-12R-A32O-07,TCGA-DD-AAEA-01A-11R-A41C-07,TCGA-2Y-A9H6-01A-11R-A39D-07,TCGA-DD-AAVY-01A-11R-A41C-07,TCGA-YA-A8S7-01A-11R-A37K-07,TCGA-CC-A9FV-01A-11R-A37K-07,TCGA-DD-A4NQ-01A-21R-A28V-07,TCGA-DD-AACZ-01A-11R-A41C-07,TCGA-DD-AAE4-01A-11R-A41C-07,TCGA-5R-AA1D-01A-11R-A38B-07,TCGA-2Y-A9GX-01A-11R-A38B-07,TCGA-G3-AAUZ-01A-11R-A38B-07,TCGA-2Y-A9GV-01A-11R-A38B-07,TCGA-DD-A4NL-01A-11R-A28V-07,TCGA-FV-A2QR-01A-11R-A213-07,TCGA-DD-AADY-01A-11R-A41C-07,TCGA-BW-A5NO-01A-11R-A27V-07,TCGA-CC-A7IJ-01A-11R-A33R-07,TCGA-2Y-A9H8-01A-11R-A39D-07,TCGA-BC-A10X-01A-11R-A131-07,TCGA-DD-A3A2-11A-11R-A213-07,TCGA-DD-A3A2-01A-11R-A213-07,TCGA-CC-A5UD-01A-11R-A28V-07,TCGA-BC-A10W-11A-11R-A131-07
114,5,92,45,112,140,238,33,30,585,25,302,424,2028,545,40,23,167,138,38,65,10,55,58,114,79,102,312,63,298,144,138,211,62,33,210,123,38,69,212,156,29,47,84,27,214,21,43,76,391,95,264,33,111,26,186,268,204,27,172,54,370,29,104,70,41,619,157,300,100,52,8,113,9,391,47,614,273,201,136,294,119,311,41,46,74,76,16,116,115,52,359,27,17,27,270,94,183,71,31,537,35,119,328,184,15,612,143,92,26,50,281,75,68,369,45,559,467,53,165,24,155,135,8,12,203,141,630,43,19,455,37,226,24,53,29,535,14,16,289,215,47,80,542,210,251,223,197,15,12,100,190,38,175,48,344,192,176,123,111,252,116,211,150,383,346,114,981,22,82,144,805,51,63,107,145,269,88,15,86,55,172,69,81,244,22,46,549,38,1007,305,589,54,239,29,97,28,191,43,442,383,536,12,336,26,168,263,195,45,165,374,79,125,344,7,34,100,253,15,188,221,27,30,12,134,205,24,85,142,129,111,165,13,328,24,44,179,85,42,80,37,23,274,236,130,74,55,40,16,79,16,192,26,118,65,64,52,498,568,165,386,293,12,82,121,21,984,17,314,13,691,22,31,161,338,28,16,357,327,95,24,44,260,11,67,129,125,46,37,98,27,155,616,644,47,49,114,193,53,796,21,204,39,23,71,129,350,59,244,169,74,99,136,949,228,37,47,148,306,17,231,110,214,30,42,72,16,159,114,56,189,566,22,212,249,67,21,13,81,40,133,600,193,27,80,129,15,75,656,30,542,33,34,192,421,213,27,208,63,33,109,537,13,43,313,27,136,239,88,31,149,604,25,199,20,32,122,62,227,52,32,81,63,281,71,236,201,275,40,23,204,49,76,102,221,45,9,45,75,59,14,355,51,93,537,247,35,97,203,27,8,71,70,136,641,88,54,24,24,594,17
45,0,50,22,60,7,1,10,9,59,17,454,102,64,26,13,9,74,8,9,44,2,25,23,1,1,51,16,2,270,115,53,41,3,31,2668,141,72,13,31,12,5,4,83,41,84,11,30,2,265,15,58,163,35,138,1,124,17,11,91,0,3,0,12,31,237,701,106,5,49,30,5,23,0,155,150,23,101,137,68,833,112,23,229,65,1,183,26,114,271,3,98,980,1,20,149,7,101,6,1,63,0,196,53,673,10,63,0,52,7,12,116,9,48,17,4,98,32,1,29,6,28,77,1,5,22,5,14,16,0,198,29,275,0,3,0,491,7,4,19,37,13,49,53,67,19,3,6,7,4,5,7,10,24,66,192,56,59,95,336,215,115,8,51,16,70,30,131,22,292,172,14,66,94,55,33,8,2472,0,1223,113,2,104,7,1,46,202,21,95,5,182,86,410,306,3,327,0,166,1,42,14,74,1,103,39,109,42,28,9,105,102,6,59,12,7,1,158,363,2,55,0,145,1,6,3,978,51,346,272,11,54,149,31,20,1,248,462,21,223,78,2,59,38,327,52,182,19,17,0,12,1,194,2,42,2,156,125,328,117,13,150,75,0,83,67,0,26,1,76,4,11,4,12,4,138,0,7,81,39,413,1,1,1,1,15,8,136,9,71,1,152,247,30,23,8,41,5,87,21,389,5,28,9,7,21,0,27,46,44,284,255,51,9324,58,9,138,94,5,190,0,113,69,13,12,2309,36,1,9,13,14,17,84,3,9,938,10,123,0,269,263,16,251,9,114,27,0,1,0,1799,0,34,4,16,7,2,7,35,39,12,115,4,5,11,73,2,4,18,6,45,233,58,16,113,46,5,5,4,503,116,23,108,33,156,28,213,11,60,42,824,7,2,3,10,277,19,7,6,6,32,189,1,4,15,96,1,0,67,8,0,17,23,114,3,27,734,371,40,1,13,309,9
12,5,14,18,7,5,0,1,5,12,3,1,9,9,1,51,6,0,0,15,5,25,1,8,1,4,0,4,3,0,3,1,1,9,4,1,3,1,0,6,0,1,43,0,6,2,27,10,6,3,34,5,0,1,4,5,2,1,2,2,0,15,9,0,7,2,2,3,24,9,3,13,2,32,3,3,0,7,2,0,7,3,3,0,6,0,12,1,2,2,0,0,0,6,0,1,1,5,10,6,7,1,4,4,2,33,27,0,3,52,9,4,3,4,21,1,0,1,0,0,2,4,2,9,7,2,8,7,6,30,4,6,4,20,3,13,0,1,13,9,10,27,18,3,1,1,1,1,28,29,1,2,12,1,0,14,1,2,6,0,1,8,1,21,0,9,3,0,0,1,0,2,1,2,5,1,126,0,7,1,1,0,0,6,12,6,3,0,1,2,1,6,0,1,26,0,2,7,0,4,3,3,27,0,6,1,11,1,14,10,3,0,41,4,2,0,7,6,15,0,0,3,15,39,2,0,3,1,8,3,7,2,4,0,16,0,1,3,1,3,2,3,9,0,2,0,4,1,5,1,9,0,23,5,42,1,0,1,21,4,0,0,42,2,2,28,0,39,4,10,2,17,1,0,1,19,1,0,2,0,17,1,5,15,7,0,5,33,2,4,1,6,22,6,3,0,4,16,0,0,65,0,7,1,2,1,2,1,3,4,5,4,9,3,5,9,3,1,103,10,11,5,2,44,0,0,22,1,5,17,1,2,55,4,1,1,2,16,0,2,1,1,3,1,0,0,44,31,5,8,0,1,67,1,6,0,1,3,2,4,3,6,2,0,2,1,3,0,1,0,0,0,8,9,37,6,5,2,3,0,1,42,0,8,7,0,0,4,0,14,4,5,3,1,2,119,16,1,1,4,0,3,1321,1,17,6,27,17,5,2,1,3,1,0,1,0,51,12,0,0,16
89,0,43,55,232,56,64,53,16,333,34,116,248,1541,257,42,16,188,106,36,58,9,66,87,89,71,44,1031,30,407,372,403,238,62,21,439,121,30,8,281,175,18,27,52,21,124,6,48,46,442,140,238,55,106,16,118,181,388,16,320,41,252,19,61,77,23,310,317,283,54,47,3,24,12,201,54,300,400,180,136,628,67,400,52,31,22,84,10,94,149,26,106,22,6,11,310,97,874,59,22,221,40,72,632,321,8,1900,66,36,24,51,187,138,50,648,30,409,603,29,184,13,62,97,6,12,153,79,560,50,9,560,22,330,16,20,5,632,14,19,508,269,28,79,931,138,94,111,178,6,9,146,124,32,206,35,154,117,211,71,42,628,67,102,196,333,427,324,902,31,68,221,611,26,58,75,110,181,127,3,74,34,369,76,48,197,13,30,323,32,1811,374,482,74,226,16,70,31,271,52,687,160,794,3,92,34,458,83,527,52,122,665,77,237,649,14,13,110,321,2,136,77,25,24,10,85,678,27,87,430,96,143,168,8,138,7,59,151,104,40,77,19,17,174,356,192,41,50,100,16,46,15,147,10,162,82,30,38,405,261,179,957,497,15,59,238,10,352,14,172,4,362,10,27,75,195,7,39,319,136,112,4,13,127,5,39,82,119,85,67,42,12,40,308,1553,49,46,104,395,25,1126,21,161,19,10,42,51,381,96,163,114,85,109,233,827,239,21,28,103,571,11,373,150,181,23,36,46,9,332,78,40,93,321,14,137,982,53,46,6,76,36,96,768,137,15,48,212,5,50,534,57,312,30,13,116,412,219,21,167,19,38,171,1038,46,51,335,21,95,368,93,13,62,408,20,250,9,54,228,27,235,83,17,119,81,141,76,83,334,106,53,25,105,17,45,134,145,73,7,52,144,38,8,495,83,339,306,113,42,115,130,31,10,87,41,75,1282,126,51,6,13,394,3
38,1,18,6,16,10,10,2,23,24,10,4,46,29,23,11,2,21,3,12,0,2,8,2,8,32,71,6,9,13,1,26,6,7,7,29,3,0,2,37,68,18,5,17,4,12,3,1,1,16,3,17,31,5,15,8,1,4,8,24,3,2,0,3,4,4,0,13,18,10,9,2,23,0,41,6,14,3,11,4,91,13,7,18,6,0,16,1,43,6,5,32,21,3,19,2,49,10,10,3,32,1,10,11,1,4,120,66,7,3,16,9,27,1,16,1,34,12,1,4,0,6,7,2,5,2,8,31,3,9,12,9,11,6,9,6,11,0,5,18,20,5,16,29,43,31,12,19,12,1,24,4,9,12,7,16,7,12,9,17,12,6,89,1,23,90,16,31,41,3,2,1,18,1,4,7,365,4,2,43,6,6,0,7,2,0,10,0,12,68,95,7,2,17,5,21,3,24,1,5,12,13,2,4,4,10,6,0,9,34,17,9,24,7,14,2,17,9,4,1,79,1,1,2,2,24,4,8,4,0,21,10,1,14,1,1,0,7,18,5,16,11,53,26,1,8,1,2,3,9,2,19,1,8,7,74,4,24,6,1,32,9,3,13,8,2,1,3,10,3,38,9,25,14,5,2,28,30,18,2,6,2,12,2,4,40,18,10,2,8,38,41,12,21,1,1,39,6,34,238,9,42,5,11,4,2,4,5,22,0,8,7,254,5,19,18,3,10,14,6,101,14,16,6,12,16,8,8,8,3,40,4,3,4,18,2,9,2,5,10,9,6,1,7,61,42,2,3,58,5,23,0,4,19,15,58,4,21,6,4,12,7,0,17,16,2,3,5,5,29,15,4,1,1,2,2,3,3,4,1,4,5,9,11,2,17,5,62,13,2,11,7,17,108,11,15,3,1,2,23,0,7,48,39,2,0,9,11,0,3,5,6,3,7,3406,33,6,2,3,20,1
292,0,43,33,248,156,76,0,49,128,260,48,331,259,15,10,105,49,67,122,2,2,15,18,11,53,13,181,5,51,7,106,47,2,23,330,1,7,8,21,51,126,11,11,17,5,6,5,9,16,2,83,166,34,42,57,4,0,30,68,104,13,1,377,18,33,84,63,474,57,19,0,32,20,318,5,11,57,22,2,383,2,1,10,47,3,33,38,73,97,197,42,0,5,89,10,233,112,44,9,9,15,15,42,96,5,185,58,33,9,26,3,74,17,79,18,13,17,13,9,2,130,61,5,3,2,97,49,80,6,59,56,1,5,97,5,94,1,2,58,115,3,30,132,188,158,127,28,4,2,79,45,14,1,32,60,1,19,8,30,94,161,7,5,46,12,123,128,22,1,302,615,1,12,112,0,1412,3,6,9,336,0,30,72,97,1,6,25,31,428,129,7,27,15,1,74,174,31,49,114,307,70,5,3,3,56,7,15,8,127,215,2,130,147,75,116,89,111,4,0,13,39,7,1,44,545,25,24,321,9,82,117,5,38,3,23,6,1,3,143,15,4,118,83,44,48,7,60,18,7,12,55,4,0,4,8,3,247,4,1,77,138,10,213,141,4,134,0,137,7,74,0,133,67,80,1,72,22,72,52,1,2,26,9,6,107,3,24,23,98,82,105,253,106,43,4,234,167,21,277,4,0,4,16,3,3,38,10,33,3,110,67,557,95,105,62,36,81,147,0,12,19,4,8,121,10,0,10,34,59,8,117,6,17,72,225,162,0,154,25,22,28,14,0,4,48,0,2,178,30,52,13,5,114,147,144,5,71,89,18,42,14,65,60,329,53,15,4,5,12,114,63,5,55,12,1,67,5,36,2,2,5,15,8,104,6,6,269,28,5,291,35,60,3,335,57,4,37,26,7,1,10,28,47,8,0,25,109,11,58,6,9,90,26,338,346,10,10,1,24,3
78,1,17,19,176,67,26,21,5,157,24,134,203,463,180,13,19,121,99,33,68,6,56,55,50,76,42,177,13,54,161,113,129,80,25,75,70,24,4,196,171,16,10,10,18,53,8,75,23,229,55,165,49,73,10,105,90,319,19,136,28,144,9,101,46,32,461,232,201,64,43,3,22,5,118,37,347,181,117,107,78,29,186,75,32,55,35,5,90,206,40,77,37,3,1,203,151,436,59,12,126,41,61,181,123,4,402,98,58,19,48,121,93,67,529,58,641,535,51,117,37,34,74,3,1,89,140,291,17,7,350,21,146,5,30,4,376,21,9,298,92,27,51,524,67,66,130,222,4,7,140,102,34,123,13,179,66,120,67,29,361,72,45,191,167,183,287,1943,37,33,167,978,42,31,48,72,58,168,5,114,47,189,45,39,114,15,56,251,25,796,124,271,35,194,12,26,23,199,21,385,204,684,3,101,32,345,56,182,25,104,151,79,137,222,4,10,35,149,0,75,29,13,13,13,117,457,10,93,107,72,64,168,9,173,17,13,68,86,33,63,16,33,119,191,74,24,34,46,9,47,13,110,6,68,29,38,44,375,275,79,965,304,6,60,93,5,286,7,77,5,90,8,55,104,36,1,29,192,105,58,5,51,125,7,30,40,83,44,71,13,14,24,154,702,45,20,46,131,11,165,9,55,10,4,39,30,270,21,187,58,71,87,137,337,148,32,38,157,171,8,177,140,104,13,39,38,6,178,45,26,93,512,15,96,401,34,17,4,41,40,166,430,120,5,36,78,4,22,301,24,240,22,12,132,236,173,15,180,9,39,102,421,22,50,356,15,56,196,58,7,45,287,12,173,1,30,179,19,113,45,4,24,29,131,50,57,287,110,76,10,102,33,73,76,164,41,2,30,58,34,18,358,49,194,299,30,33,76,38,12,18,69,54,50,563,162,35,5,5,159,11
54,4,118,25,45,11,1,46,55,51,11,38,21,11,3,10,99,10,10,31,47,5,29,24,135,79,2,13,27,13,36,23,12,115,6,19,16,10,34,373,105,111,31,10,4,25,3,96,29,8,8,9,17,14,113,35,45,11,56,3,6,27,10,177,57,39,10,39,36,43,11,2,34,6,9,35,18,86,23,39,14,17,41,51,32,6,170,14,64,14,63,8,11,0,10,191,9,15,9,23,20,32,17,14,115,5,152,109,23,18,62,8,76,27,53,59,12,12,9,34,23,20,24,9,5,21,49,612,43,3,23,7,9,7,46,11,31,13,3,21,30,8,14,28,13,49,8,2,1,16,12,44,39,1,44,39,52,24,18,6,24,52,14,10,46,10,18,12,13,45,22,43,3,8,28,15,17,39,4,33,10,19,43,15,123,227,13,15,29,19,22,58,3,21,8,11,3,37,22,40,17,39,4,6,94,13,24,45,31,25,14,35,163,25,28,8,34,51,5,32,18,17,16,12,83,10,2,44,9,58,16,22,55,27,2,34,16,6,147,19,29,58,55,226,7,15,126,29,17,22,11,4,1,100,10,87,12,56,48,52,11,137,8,22,17,14,30,1,19,8,8,4,63,51,1,4,35,8,20,33,4,63,11,1,29,2,32,7,41,13,2,19,88,5,30,135,47,8,46,5,3,11,25,24,41,27,13,92,32,5,64,63,457,25,54,295,37,41,29,6,272,24,75,3,8,4,5,50,5,37,56,39,9,17,12,17,482,2,26,62,44,18,25,63,28,16,7,10,7,35,23,26,6,32,159,42,14,82,49,29,136,68,34,0,27,26,15,42,41,0,5,25,12,27,3,211,70,9,28,38,2,7,15,38,24,31,16,29,59,1,80,43,43,23,8,85,6,37,37,94,7,6,16,17,3,23,170,26,7,117,159,3,49,11,353,113,10,6,32,68,13
154,2,24,52,36,32,2,36,5,67,13,42,2,15,5,0,7,10,0,13,19,1,70,41,14,7,1,30,32,30,5,149,17,51,15,18,98,2,0,28,5,34,4,3,17,8,3,16,22,26,1,6,0,5,34,20,21,6,25,3,3,8,1,32,10,18,23,14,27,47,17,3,18,1,130,18,16,222,27,9,0,17,16,155,8,13,102,141,19,9,5,9,44,0,11,40,28,28,9,0,75,15,15,41,49,0,1144,5,51,3,104,19,19,4,91,12,21,14,1,0,0,7,17,0,2,4,59,20,7,3,3,29,33,0,21,0,9,15,0,78,12,3,8,49,53,6,3,7,3,1,10,10,9,3,1,59,20,10,23,10,86,42,11,7,6,28,4,51,0,18,0,25,8,10,49,64,17,3,0,40,80,19,51,11,10,16,4,5,2,0,11,38,0,0,0,14,6,43,7,9,45,86,2,10,0,45,34,1,18,48,23,24,70,39,15,5,55,38,0,14,2,24,1,0,85,12,10,4,8,5,19,7,4,9,3,24,6,50,33,23,7,10,23,41,0,53,74,7,23,4,1,25,0,20,3,95,5,78,62,188,15,36,0,112,25,1,7,0,90,0,5,0,16,13,6,0,9,8,4,5,1,14,11,3,37,16,97,27,16,25,18,22,10,7,16,19,61,17,15,1272,2,17,18,37,52,20,3,1,22,19,9,12,35,9,63,22,5,30,59,1,30,45,13,1,45,5,0,16,7,24,21,30,4,2,17,8,4,4,25,32,2,3,41,49,7,30,0,8,115,13,4,12,0,12,12,16,1,147,3,26,5,48,21,1,1,33,12,0,15,6,0,8,6,1,1,100,11,29,11,36,4,3,3,79,16,6,10,46,16,1,64,4,16,22,336,60,5,2,0,54,0,6,10,35,6,14,149,25,12,9,17,48,13,3,115,4,67,0,9,11,0
2162,39,1318,348,1932,1390,3,57,63,868,5721,280,9175,1590,58,242,286,128,29,433,441,64,584,511,67,66,160,251,246,160,9465,698,303,318,186,220,229,83,23,2920,488,144,278,40,115,669,133,165,108,438,176,61,64,880,113,1954,129,52,160,90,15,268,33,5392,115,60,250,2135,402,472,200,48,87,32,4835,247,6863,129,99,853,118,356,79,333,165,9,770,41,821,76,259,32,181,27,115,392,2585,526,450,126,1051,103,687,733,246,84,337,3054,820,308,2007,712,1544,65,2191,356,1099,1977,12,58,57,78,201,45,311,15,355,645,163,157,56,271,832,69,143,62,3167,68,88,1611,756,253,637,268,140,231,1053,613,115,160,85,154,282,11,26,972,157,437,186,71,119,879,1587,669,182,1722,418,248,25,75,80,123,252,153,361,337,5081,554,30,1286,106,1151,100,153,551,462,57,177,51,19542,65,287,83,323,114,24,42,2401,90,3492,2239,97,94,16,69,201,424,38,758,1363,88,107,981,4268,35,79,440,334,34,149,545,124,343,90,158,840,70,151,1279,137,658,168,50,225,54,92,87,225,881,269,38,197,575,598,7,131,251,41,125,114,99,107,74,2260,233,653,2910,309,401,268,263,5410,108,766,562,135,135,99,410,96,33,77,286,2217,96,87,53,352,46,83,89,64,2419,82,1342,1701,467,1235,205,192,50,571,107,4662,88,277,6568,449,705,4963,172,1229,290,77,199,183,36,147,1443,29,325,250,1195,133,2437,1120,122,679,1487,95,2755,604,1115,342,60,38,79,669,320,261,775,102,173,23,947,5678,43,100,74,340,1600,25,183,172,135,1304,126,136,1312,170,5588,78,102,3116,1837,1172,15,63,292,153,2973,1219,111,21,6110,152,141,52,149,7,32,48,86,41,244,304,107,30,102,82,176,172,13,1057,264,41,524,6562,57,109,1278,194,299,852,4586,1121,75,77,115,495,39,360,2090,54,64,93,1625,928,132,84,144,357,102,35,275,5973,578,68,42,2995,105
493,14,43,267,1102,433,151,281,126,1509,181,944,1212,5369,655,106,131,710,691,242,596,71,484,342,272,450,172,1377,100,1572,811,904,710,766,319,1774,717,157,25,3189,1080,119,138,100,104,584,128,133,147,3429,291,657,423,414,225,620,865,1035,82,899,147,566,50,619,215,93,2445,1123,1727,281,179,36,94,28,1399,169,1355,900,623,1068,1708,196,1083,381,95,118,212,19,530,573,230,198,54,35,149,1203,320,1615,268,102,1446,129,294,665,696,86,3863,539,414,138,494,1458,482,220,2997,255,1273,2249,207,415,242,355,246,100,100,279,2047,2426,254,56,1232,105,910,82,155,59,1001,118,41,1625,1069,173,386,2007,878,623,1008,2247,73,48,895,573,150,709,196,1283,402,696,506,144,1058,445,367,1024,976,872,1638,5126,171,249,794,3355,172,294,169,424,4069,450,53,353,720,1181,181,210,1607,107,313,2392,116,2164,925,1579,258,427,80,157,156,965,327,1645,915,2826,28,428,116,1986,216,1004,140,471,1234,496,864,2225,52,108,511,999,24,463,291,111,107,64,353,2728,36,368,1196,383,593,388,21,622,86,140,434,351,259,218,58,116,2079,2580,282,72,196,234,66,247,88,2214,49,442,158,301,224,3210,1483,506,3471,989,163,378,882,55,1448,76,678,57,798,108,163,818,456,24,128,679,264,153,42,253,566,42,186,113,543,323,277,221,75,191,1005,5899,255,523,1146,1228,64,2009,64,480,114,123,213,484,935,272,880,459,321,667,2837,2567,928,153,211,1516,1509,76,1387,584,378,236,397,110,76,1457,235,242,395,2165,153,302,3698,210,112,41,412,314,660,1477,709,40,78,644,53,366,1727,219,2312,124,159,975,3285,1423,232,567,98,222,884,4822,170,107,1646,88,275,690,449,154,144,1464,56,1501,84,437,1664,93,715,196,52,249,263,508,306,615,1064,557,282,80,1049,169,539,563,1073,325,63,306,178,227,65,1287,292,1041,1159,146,300,526,241,223,132,670,503,252,3736,443,324,49,168,1574,96
128,8,100,409,267,268,39,198,171,117,14,658,159,3456,241,77,28,302,41,48,124,31,984,483,147,203,201,357,46,420,223,685,1053,358,330,1181,349,55,28,1039,115,830,102,136,784,329,87,60,167,295,63,96,100,220,40,75,12,223,107,138,122,21,136,93,13,103,35,144,1343,263,499,29,67,16,261,38,131,250,475,226,813,75,516,115,131,110,672,46,67,493,23,26,73,11,32,347,264,192,58,16,143,9,69,381,582,15,350,52,71,54,884,157,49,114,109,477,413,1929,77,35,156,614,272,33,32,147,158,3211,131,17,541,327,452,20,18,10,193,84,29,361,483,57,334,577,70,119,85,557,23,11,242,158,542,127,112,485,53,829,380,34,306,79,60,105,602,259,39,705,56,46,1487,382,48,40,157,24,271,182,4,736,170,622,17,140,180,23,152,28,50,60,602,958,294,115,21,64,192,1512,6,169,186,147,20,113,96,137,118,184,688,91,333,212,248,317,13,7,327,2348,8,34,46,151,45,13,496,748,42,759,571,479,76,145,8,659,3,171,246,213,1090,380,55,101,309,172,22,18,37,62,73,26,14,187,23,111,38,20,459,351,505,54,461,340,57,81,335,20,634,10,498,29,454,42,1222,23,20,9,40,43,63,46,8,17,50,19,175,10,206,216,441,241,93,131,147,341,51,169,246,217,48,281,31,66,32,18,193,625,423,38,29,20,137,406,2477,298,116,806,543,68,186,30,126,522,43,154,45,101,38,477,95,571,55,144,44,57,511,24,131,11,1377,387,117,495,82,28,26,118,6,67,2518,288,437,12,42,51,679,160,67,204,50,473,178,67,48,159,92,48,196,147,192,22,109,519,28,2007,69,47,148,78,160,139,56,26,317,9,17,198,1014,166,27,24,47,56,236,412,117,175,18,395,97,41,13,157,52,472,598,4,522,529,58,223,105,430,64,189,52,46,168,14,4,172,32
1,13,1,14,3,14,0,0,2,3,0,1,2,16,13,5,2,1,14,1,1,30,24,2,6,3,0,36,0,0,0,6,1,2,1,1,0,0,4,1,1,0,12,18,1,2,19,3,42,7,6,2,13,26,31,8,37,17,0,8,0,2,16,0,13,0,18,63,2,14,1,20,0,25,0,0,6,1,2,3,0,5,3,0,0,0,1,1,0,6,0,2,1,20,50,0,2,7,1,27,7,0,0,0,3,4,176,17,4,16,1,6,8,3,0,28,2,0,2,7,6,0,4,18,11,1,0,1,5,19,1,1,1,43,122,96,2,0,1,6,0,57,3,15,2,1,3,3,41,26,7,0,2,0,2,9,0,13,3,0,10,29,0,2,2,3,85,1,0,7,26,19,0,2,1,1,0,1,19,1,9,0,0,0,1,2,2,6,1,1,0,0,2,0,12,0,0,2,0,111,1,43,40,19,4,26,0,9,0,2,2,8,3,2,1,2,6,1,29,1,3,2,3,12,6,1,0,1,19,4,7,1,3,2,10,2,0,3,2,1,5,2,15,3,0,0,0,0,2,4,8,1,18,71,28,2,0,111,21,16,5,4,5,8,12,10,12,6,2,2,0,12,12,12,1,8,17,2,0,8,14,0,0,13,3,2,5,1,1,0,4,0,1,24,5,3,0,8,1,10,43,1,1,0,9,64,0,13,0,1,49,1,0,4,18,1,10,1,3,23,1,30,0,5,9,1,12,0,3,4,1,0,47,0,24,1,0,39,2,9,2,50,38,1,0,1,9,7,1,3,4,0,28,0,0,2,11,7,2,2,0,9,9,2,0,2,7,34,0,9,0,0,1,1,21,0,4,0,24,1,1,2,3,7,0,9,19,0,1,2,0,1,22,50,3,8,20,13,10,4,1,3,2,16,3,2,0,65,3,13,19,1,0,0,2,1,22,20,0,0,21
1,5,0,0,4,0,0,0,0,4,0,0,82,1,0,81,0,0,0,0,0,0,16,0,0,0,0,0,0,0,14,0,0,25,0,0,0,0,5,61,25,2,44,0,0,0,40,0,0,3,15,0,0,0,0,0,0,0,8,2,0,10,0,0,1,1,0,0,1,0,0,2,0,31,83,1,5,1,0,6,0,0,0,1,0,0,0,0,0,0,0,11,0,2,0,0,35,2,0,1,0,0,0,0,0,2,13,0,0,52,1,0,1,1,0,0,0,0,0,0,2,68,0,4,32,0,1,2,0,23,0,1,0,6,0,16,0,0,9,2,0,2,44,0,0,0,0,0,6,22,0,0,0,0,0,10,0,31,0,0,0,4,0,1,3,0,0,10,0,0,0,0,0,0,0,0,0,0,2,0,0,0,0,1,1,1,1,0,1,1,0,0,0,0,16,0,0,0,0,23,4,0,41,0,2,0,3,1,3,1,0,1,184,0,247,0,4,0,18,1,0,0,7,13,1,0,0,0,177,1,0,14,0,0,4,1,0,0,0,0,0,1,0,0,0,0,3,0,3,0,6,1,7,0,8,3,0,0,0,0,1,71,6,0,0,44,0,19,8,1,0,1,0,0,0,2,0,0,0,0,4,0,0,6,0,0,0,18,0,0,0,0,0,0,0,0,4,32,0,0,30,0,0,0,0,1,0,6,0,14,0,11,42,1,0,0,0,2,2,7,0,0,0,15,0,0,10,0,1,4,0,2,19,0,0,0,0,5,0,0,12,0,0,0,0,0,11,1,0,0,0,0,25,0,4,0,0,0,0,0,1,5,0,0,0,0,0,0,1,0,0,0,0,0,7,0,1,12,0,0,0,25,0,0,7,0,0,0,0,5,0,0,3,0,15,153,69,0,0,1,0,0,40,0,0,0,0,0,0,0,0,0,1,0,134,0,8,16,0,0,0
0,4,0,0,1,0,0,0,0,0,1,0,7,1,0,30,0,0,0,4,0,2,2,0,1,6,0,0,0,0,0,0,0,0,2,0,1,0,1,0,5,0,10,0,1,0,6,1,0,2,2,0,0,1,2,0,0,0,0,1,1,9,1,0,0,0,5,0,0,0,0,2,0,12,3,0,5,0,2,1,0,0,0,0,0,0,0,0,1,0,0,0,0,2,0,0,2,0,1,0,0,0,0,0,2,4,113,0,0,40,0,0,0,0,11,0,0,0,1,0,0,2,0,1,1,0,0,2,0,49,11,0,0,8,1,9,0,0,0,0,0,1,29,0,1,0,0,0,4,14,0,1,13,0,0,1,0,0,0,0,0,0,0,0,0,2,0,0,1,0,0,7,0,0,1,1,0,0,1,0,0,0,0,0,0,0,1,1,0,1,0,0,0,0,10,0,0,0,0,1,0,17,39,1,0,0,0,1,0,0,0,0,17,0,0,0,1,2,3,0,0,1,3,26,0,0,0,0,0,0,0,1,0,7,12,0,0,0,2,0,0,2,4,2,0,0,0,0,0,1,2,0,12,1,5,0,0,3,34,2,0,1,22,0,0,20,0,9,0,8,0,1,0,0,0,9,0,0,0,0,74,0,0,2,2,0,1,3,1,1,0,0,2,8,0,0,0,4,0,4,5,0,1,1,0,91,0,4,0,0,1,2,1,1,2,2,0,0,0,6,4,0,0,10,0,0,1,0,0,1,0,1,0,1,0,0,1,3,0,0,3,0,1,0,0,9,10,3,0,0,0,0,19,0,0,0,0,0,7,0,1,0,0,0,0,0,0,0,0,11,0,2,3,0,1,27,0,1,1,0,1,12,98,0,1,0,0,0,0,6,0,0,5,0,4,60,10,1,0,0,0,0,12,1,0,0,0,0,0,0,0,0,0,0,0,0,2,5,3,1,0
1918,31,159,397,859,255,234,170,203,2815,613,43,681,832,4863,220,268,777,2820,85,1425,19,7113,176,66,302,3726,77,238,1707,1822,2080,295,271,82,2607,343,46,8,2277,1433,102,93,106,658,101,114,1058,214,3168,225,55,126,353,372,360,266,84,86,350,22,832,100,55,610,52,11114,205,2258,255,147,33,118,30,2921,496,1132,79,1031,338,3603,1607,317,106,48,27,374,64,802,65,295,3841,32,23,105,138,516,310,273,18,1620,20,92,45,838,68,2623,1276,411,49,87,270,24,187,168,266,4905,317,42,229,609,123,229,16,31,114,1147,205,450,22,833,299,1092,62,1993,39,995,288,126,448,1571,154,122,433,346,553,466,1733,23,49,196,195,166,212,27,355,296,574,161,611,110,1020,160,43,591,4224,114,1243,1052,111,125,61,57,921,96,253,6336,44,15,6,122,633,20,144,340,490,97,1398,122,8,226,262,150,3566,92,1307,478,655,18,1923,154,106,13,590,560,1355,249,73,177,202,4112,418,346,1581,63,17,177,489,13,182,699,139,33,29,25,544,304,375,2444,148,128,36,57,247,30,66,141,152,46,91,667,143,3297,700,132,40,68,142,56,1692,26,7060,41,1126,30,3175,25,1608,158,112,1078,395,61,266,404,19,166,127,187,22,646,48,233,323,1588,43,88,704,516,94,46,187,258,14,382,367,95,135,161,191,219,261,607,2354,39,394,1978,889,28,1941,47,153,625,63,174,1705,71,80,254,1018,1268,111,4410,62,1118,319,599,1207,740,39,1279,224,219,123,30,109,43,21,75,386,103,158,51,83,1376,84,195,17,41,443,7228,31,169,26,346,344,7,50,2622,66,682,13,62,366,646,555,6402,118,979,113,2616,88,138,192,264,127,203,112,71,564,116,508,176,138,76,59,170,190,390,305,1299,529,404,1176,343,312,251,920,29,108,1184,276,387,854,328,563,62,754,93,444,299,4209,91,404,133,19,78,461,176,93,176,650,385,130,11,342,70,17,51,4887,102
19,0,5,74,23,13,15,1,25,927,5,15,17,928,5,8,3,6,3,6,1,0,4,1,3,0,11,77,1,25,2,49,2,4,46,23,3,2,1,310,1,123,0,0,12,4,2,0,0,8,3,12,13,1,6,1,0,2,106,706,0,1,134,4,0,0,24,5,206,125,0,0,0,1,72,47,471,18,2,9,250,12,2,0,7,11,20,3,21,383,1,119,9,0,10,1,69,143,1,1,68,2,7,14,2,1,408,29,2,6,5,2,0,10,14,18,3,109,1,16,0,5,24,0,3,3,3,833,5,4,112,61,5,2,27,2,7,0,0,11,57,0,4,161,384,3,7,106,0,4,1,9,1,10,9,1,3,10,1,10,117,1,0,5,129,75,1,105,4,1,204,1,9,1,7,1,256,30,0,5,124,2,0,6,0,1,30,4,4,27,244,2,1,0,1,175,0,2,0,9,0,20,0,0,8,5,1,1,10,5,4,4,19,99,123,3,3,0,0,1,8,28,1,0,9,13,6,5,19,5,4,33,0,97,0,1,0,1,15,7,47,12,87,402,7,32,3,4,0,0,1,292,5,2,0,5,167,231,11,0,271,3,3,2,141,2,5,0,6,0,1,2,0,2,4,0,9,44,10,4,0,2,3,0,1,0,323,6,75,1,3,145,270,208,4,0,133,1,7,73,3,9,0,9,15,0,1,15,3,1,256,5,261,5,14,74,0,3,5,0,5,27,2,3,4,208,0,72,6,5,166,22,0,167,0,0,47,0,17,418,64,177,0,5,4,20,1,0,1222,6,1,0,2,1,171,54,1,3,4,235,34,3,1,166,0,31,0,27,41,0,42,22,1,0,0,5,11,4,1,0,71,9,3,9,2,21,1,3,5,1,4,0,4,56,148,6,0,1,0,8,0,98,16,72,0,1,53,6,0,2,5,1,0,3,152,1,3,2,2,629,2
11,1,3,3,2,2,2,7,1,1,0,15,13,1,3,4,3,2,0,11,2,0,9,2,3,4,3,2,0,0,4,0,4,4,1,2,0,1,2,2,10,0,4,10,1,0,0,0,3,5,1,15,8,11,1,16,0,2,1,3,3,4,0,7,2,1,3,16,15,1,0,1,2,0,0,3,93,20,17,1,4,5,7,17,0,1,2,5,5,2,6,2,2,0,2,18,69,1,0,0,2,2,0,9,6,0,141,0,30,1,1,0,25,0,24,0,14,6,0,1,0,0,3,2,1,2,11,6,0,3,25,1,8,1,8,1,701,0,0,6,5,1,6,8,1,1,28,1,1,1,0,11,1,1,1,5,9,3,3,0,35,0,6,2,10,11,12,9,1,2,2,13,3,0,1,13,7,2,1,230,0,5,0,0,8,22,4,10,0,3,57,7,0,93,0,7,0,9,0,2,8,22,0,12,0,19,0,11,8,162,1,7,43,1,2,3,4,4,0,0,0,0,3,0,3,44,1,4,2,7,1,5,2,5,0,4,2,7,16,1,3,14,14,15,1,1,2,6,0,1,0,1,1,19,1,0,0,1,9,8,10,23,0,9,0,1,8,0,0,0,1,0,14,32,6,0,0,8,2,3,1,5,5,1,0,2,1,3,2,0,1,49,1,14,2,15,16,1,235,128,0,5,1,0,0,6,39,4,447,3,2,3,6,4,5,1,0,5,14,1,627,1,491,1,3,1,0,2,8,0,12,2,1,2,6,187,0,1,1,2,2,24,0,0,25,3,0,3,17,0,40,1,0,4,3,23,1,78,0,2,4,2,2,0,43,0,0,1,5,0,30,4,1,5,1,8,6,4,2,3,0,0,1,3,33,3,10,52,1,0,3,13,2,25,97,2,0,0,39,4,1,1,3,2,6,2,1,0,0,2,1,1,0,0,88,897,2,0,0,3,1
4,30,42,16,1,15,2,125,1,22,0,1,2,19,2,10,3,0,5,11,12,498,1,2,127,0,0,10,2,3,9,39,2,20,108,9,1,2,0,38,3,0,81,13,0,0,75,469,1,3,20,3,2,4,12,3,0,15,0,85,0,57,11,14,103,1,6,2,23,60,12,67,1,167,5,13,0,3,6,3,4,121,48,5,1,1,8,9,23,4,2,14,1,67,0,363,1,6,30,61,2,0,7,1,0,22,21,10,1,71,6,0,10,66,7,0,39,5,1,0,3,1,12,95,33,15,5,1,69,35,6,60,11,75,0,63,0,0,49,11,3,158,10,4,38,2,10,3,189,98,1,1,55,1,0,13,1,1,137,9,5,48,1,122,57,2,46,4,1,0,1240,4,5,0,1,9,31,1,12,55,6,2,0,0,126,179,66,11,1,28,4,2,5,0,17,51,1,3,0,14,1,4,64,5,6,0,2,0,46,4,0,20,13,2,0,110,54,7,51,157,14,5,89,290,1,0,1,3,0,48,7,1,0,0,38,0,30,1,33,0,0,35,11,55,0,0,0,0,162,1,74,5,14,1,32,1,5,34,3,5,4,5,37,4,2,63,12,23,0,27,2,16,57,4,1,59,0,0,1,0,8,0,2,141,17,2,2,22,1,1,1,0,4,14,0,99,5,18,2,74,2,2,5,2,0,0,0,1,5,0,22,11,12,0,6,2,0,9,18,115,4,46,1,50,0,1,66,2,1,11,4,6,177,0,0,2,0,40,0,129,11,11,30,25,7,0,105,69,141,77,1,0,196,1,39,2,5,213,112,9,9,3,244,0,1,0,0,15,0,0,2,10,141,81,136,329,35,1,123,18,0,13,4,3,1,59,2,6,0,6,10,0,0,14,1,71,116,121,0,53,0,4,887,1,4,2,8,13,0,4,3,71,1,0,92,61,100,78,261,3,20
12,12,0,38,11,39,2,42,92,6,4,8,4,13,7,154,16,20,3,14,49,294,37,52,672,182,6,239,22,3,2,1,3,109,5,7,22,3,10,6,66,0,102,9,164,18,166,509,121,0,284,2,3,35,15,30,18,30,3,25,1,254,95,24,330,3,8,264,26,48,28,182,9,169,5,17,3,34,5,4,17,6,139,173,9,0,43,11,30,7,32,5,1,31,3,629,30,3,104,32,1,2,119,84,410,134,19,35,46,66,245,4,6,170,27,21,3,6,2,50,143,4,12,69,25,119,203,7,121,107,4,18,45,143,0,101,55,92,126,8,14,334,7,30,5,4,3,7,61,171,138,128,64,1,6,26,52,114,1,0,3,9,1,3,23,4,574,26,0,26,3,40,6,9,14,5,23,2,142,7,2,88,2,3,1245,55,8,179,29,3,101,10,21,184,430,12,591,265,1,101,4,42,371,14,54,16,14,431,210,13,1,55,183,8,6,1,4,109,75,81,0,268,18,115,5,6,0,33,22,634,3,2,0,1,179,0,107,120,175,17,3,828,13,4,2,1,20,5,48,3,65,4,109,144,340,0,1,55,368,325,1,6,100,23,3,174,267,182,2,222,0,249,54,36,0,137,1,10,0,156,8,7,4,91,41,0,2,12,105,0,8,3,9,1,1,90,1,30,6,7,36,0,70,2,215,419,4,5,5,40,85,68,3,4,9,441,26,34,54,74,32,78,163,39,4,0,78,4,9,49,167,6,145,4,9,6,10,285,3,4,10,29,458,43,13,3,171,198,41,153,3,1,134,12,11,4,26,394,36,9,12,7,194,15,46,1,33,7,3,1,2,56,9,528,58,281,480,164,409,60,35,61,48,6,101,121,33,24,0,227,134,22,268,109,8,28,46,181,48,203,8,6,1,15,2,32,275,100,61,12,48,7,83,50,6,216,24,337,142,5,90
4,6,0,42,192,59,0,26,11,4,4,12,1,1,1,228,28,0,0,227,140,44,102,128,3,19,0,69,1,0,8,3,18,19,50,1,14,3,9,32,0,3,347,1,11,36,182,5,0,14,33,1,0,1,69,2,12,2,0,1,6,27,6,14,5,2,3,8,47,266,49,22,4,75,2,49,11,77,1,2,0,43,1,2,13,0,3,1,98,584,0,4,16,15,1,0,8,46,21,4,0,2,20,27,3,55,18,61,222,290,385,40,46,2,83,29,32,0,12,14,5,6,61,28,55,0,187,180,35,58,4,101,21,65,0,21,1,13,114,157,105,134,540,5,3,6,2,5,70,115,4,0,233,0,0,199,1,16,19,1,1,46,1,17,2,22,11,10,0,2,0,1629,101,6,3,4,35,0,9,23,4,21,3,6,199,44,7,0,0,1,5,103,0,2,59,0,16,5,1,21,81,57,122,2,36,17,29,12,44,14,6,3,286,10,0,3,15,4,30,20,2,6,123,23,7,1,0,0,0,6,104,1,0,8,29,2,0,9,459,52,19,64,6,1,0,26,5,2,24,0,39,2,34,57,105,22,8,3,22,23,9,5,115,33,10,119,13,54,65,53,1,36,31,36,7,14,9,20,0,3,18,9,5,24,57,3,33,240,55,118,0,5,17,3,8,18,6,142,15,19,197,0,13,0,13,12,0,110,35,10,36,20,2,2,7,177,31,131,4,42,9,126,41,398,9,0,14,8,1,82,1,8,90,0,2,0,2,30,23,204,5,1,44,0,9,82,32,36,8,60,0,16,74,5,3,6,0,6,21,13,10,5,46,1,8,12,4,0,21,0,0,7,1,5,75,80,2,1,3,1,18,149,1,62,91,1,4,4,0,253,36,15,12,27,30,337,79,2,0,160,0,2,475,22,138,2,179,212,2,1,10,9,8,5,22,1,81,24,6,0,24
23,0,29,32,63,38,3,82,35,45,32,121,21,77,23,11,33,27,2,31,25,9,51,26,17,32,16,26,17,67,43,68,29,77,17,86,28,9,0,100,74,81,9,5,14,53,15,53,36,68,17,8,66,27,118,44,81,15,25,42,13,18,9,87,69,66,25,32,65,64,23,6,32,6,42,27,12,44,45,13,18,32,51,42,15,7,251,6,51,55,8,0,43,2,42,146,16,53,50,4,36,43,37,88,107,12,58,13,80,64,134,31,21,69,125,10,21,81,4,38,25,10,26,0,37,22,47,43,31,14,24,23,57,4,132,8,44,25,2,53,161,4,78,86,51,8,66,24,3,5,18,49,14,17,11,133,50,33,160,14,37,27,13,53,67,23,48,47,1,28,33,92,13,22,36,53,12,5,9,93,41,35,51,23,109,86,14,2,11,74,12,30,17,9,5,25,28,72,50,8,57,20,6,17,61,32,11,34,28,72,29,20,145,71,41,38,43,117,2,37,13,16,23,3,74,76,22,140,35,43,57,22,46,59,2,40,33,90,52,50,25,18,88,45,4,15,163,28,18,9,11,32,5,49,16,65,19,90,89,67,60,19,11,70,15,16,44,5,25,4,13,3,98,19,33,4,45,42,20,24,7,20,119,2,105,41,94,22,36,12,31,21,12,111,157,171,60,46,39,36,4,36,28,35,29,39,18,20,15,27,58,79,103,100,100,70,19,50,93,5,81,67,44,10,45,11,8,67,20,36,25,42,10,30,181,25,20,10,53,78,12,20,27,110,17,12,1,8,213,51,17,48,13,14,60,41,8,52,55,49,25,355,35,2,198,45,19,10,53,2,19,7,12,32,8,77,64,29,48,7,17,6,3,49,24,49,32,53,17,1,189,17,33,28,15,93,6,36,11,34,21,36,17,26,37,47,240,53,16,78,30,77,27,32,37,22,19,11,19,131,3
391,21,43,109,150,88,22,30,90,128,41,141,140,280,589,25,26,147,525,60,79,28,124,45,169,46,50,56,10,53,60,38,36,62,183,2082,213,79,16,438,52,43,44,22,85,68,46,9,153,53,21,42,562,47,101,88,47,12,66,120,100,90,15,318,34,163,164,32,1935,61,11,12,21,40,3768,78,82,59,128,194,23,39,204,97,18,22,96,20,2268,84,103,29,92,12,82,19,90,712,62,37,1608,257,308,55,749,14,1070,51,1547,54,37,93,73,34,1276,39,236,90,11,119,17,119,40,20,21,17,143,334,54,34,715,25,526,52,76,24,225,5,30,249,245,53,97,278,85,1335,84,121,23,30,45,523,21,57,53,77,88,194,27,369,248,122,109,121,52,522,29,375,37,35,280,152,71,41,62,102,2288,97,11,97,38,467,42,34,62,135,235,33,46,96,273,125,37,211,26,46,2,25,21,302,295,42,19,93,37,151,58,50,81,287,44,39,196,72,64,61,69,216,29,20,46,27,47,22,354,1688,118,31,97,48,31,82,35,46,24,51,20,24,932,42,83,95,1208,123,18,68,93,228,10,18,33,70,15,211,23,195,57,102,86,46,683,169,18,289,113,23,61,31,34,13,56,23,40,155,33,24,41,134,122,23,33,68,35,13,70,31,141,98,57,21,177,265,466,189,166,1178,109,123,34,126,19,106,18,23,73,80,245,116,220,55,71,76,701,99,116,51,30,149,3543,15,1096,462,2635,53,244,49,24,152,19,26,192,77,30,51,383,63,21,30,100,50,193,241,8,26,66,23,12,17,5346,41,85,136,26,116,1139,172,106,22,30,72,382,152,47,116,111,23,34,10,91,24,35,835,30,49,39,51,26,13,101,86,15,46,30,293,218,22,91,307,42,11,506,295,46,216,39,330,31,24,26,221,55,578,15,50,25,2,52,74,40,50,50,177,229,122,115,108,46,29,598,105,22
143,0,34,105,270,4,1,0,1,19,82,3,200,179,708,4,5,2,0,6,35,4,8,30,5,0,0,78,1,126,8,779,94,14,4,42,184,7,0,398,1,1,6,0,15,121,2,2,0,198,5,30,0,2,2,1,3,2,1,30,2,12,2,2,9,1,2,28,4,280,24,0,4,1,10,20,135,13,9,3,38,11,2,1,18,0,94,1,230,6,0,11,1,0,3,8,49,260,19,0,78,1,37,5,1,8,157,1,81,8,324,69,12,2,15,2,0,23,0,0,1,36,90,0,14,1,3,138,19,0,11,33,28,0,14,0,10,0,6,42,182,1,39,15,157,60,12,14,4,5,0,15,11,2,4,250,3,73,17,0,9,59,61,48,65,125,0,71,1,5,5,2,12,6,12,1,124,5,0,6,10,41,3,15,15,3,0,0,0,3152,8,29,13,0,1,5,0,10,0,0,175,5,0,1,2,4,25,1,3,124,13,4,40,195,0,3,108,2,0,1,0,1,3,4,2,4,2,4,251,1,585,75,0,64,0,0,0,25,9,117,1,1,113,34,0,4,8,1,11,1,0,7,10,1,5,41,9,20,5,2,28,5,0,233,35,1,6,3,412,2,4,0,47,0,75,0,0,250,4,5,3,0,54,3,40,11,79,29,7,16,2,18,113,35,2,5,137,19,6,50,1,0,107,1,9,50,1,2,11,2,14,1,22,8,342,35,8,23,284,2,5,118,1,15,2,16,0,0,22,37,3,2,8,1,8,15,36,1,2,94,240,2,3,9,6,6,0,4,57,5,5,0,0,0,144,8,2,1,10,17,16,60,0,2,10,1,12,2,14,0,306,4,4,1,0,3,0,0,5,0,3,1,0,93,5,3,1,30,0,2,10,4,27,16,106,29,1,1,7,19,0,74,17,12,1,3,183,280,5,29,10,90,3,2,64,3,8,0,0,1001,2
77,1591,1120,425,148,113,119,57,1896,187,199,191,1050,2218,317,1864,167,911,3084,332,367,1799,177,521,1186,2655,91,563,54,1116,89,606,381,1980,219,3447,447,204,423,99,178,1050,3148,174,125,321,1313,1208,1060,10339,2627,263,790,1918,2180,198,2654,161,558,1924,2290,499,1191,308,1392,2533,530,449,789,347,93,1163,807,2359,318,252,153,375,1163,778,432,139,1422,123,132,52,353,235,514,2076,95,319,136,1505,3107,321,1280,756,771,3781,89,919,264,112,359,2702,2082,214,179,1390,558,1106,130,1061,310,151,689,152,102,793,2505,928,226,807,417,150,86,1873,1918,1967,1874,203,246,3243,277,2708,373,377,1380,357,1375,4479,217,2501,169,38,192,106,1964,1342,2720,1218,1706,1040,127,736,652,1021,392,167,746,204,37,684,388,143,520,4731,216,609,1278,1886,158,380,145,411,1881,329,2500,235,522,276,2092,436,781,915,713,281,828,453,515,609,1127,238,2848,730,422,458,728,1168,175,1324,2424,288,1254,879,323,806,740,132,578,187,578,128,139,1256,367,2852,1910,218,40,133,1723,1105,3880,5066,124,358,762,658,387,464,1212,295,2477,1595,238,307,373,316,2510,639,568,160,322,131,1087,5081,861,105,1693,118,3293,969,2738,55,67,1633,812,3084,900,702,616,146,603,1767,400,1797,172,1061,1611,1617,296,263,704,822,2627,272,123,429,921,2504,179,999,181,70,146,1774,804,101,605,245,1298,7233,1388,371,144,1466,905,335,2187,154,200,167,747,359,134,5111,59,325,217,396,362,184,475,682,308,357,260,3544,105,193,166,1744,3207,135,1274,568,153,1000,167,799,3531,2114,765,414,78,3704,1565,267,109,1040,674,134,26,146,613,2272,2007,2900,618,1446,2629,146,56,237,1285,410,1341,823,118,265,1479,556,536,1110,368,213,607,922,173,701,648,363,658,454,950,774,444,2218,124,1691,1224,101,232,276,86,296,3770,1445,133,39,187,1228,124,1783,2485,1854,137,344,866,1282,2113,894,356,724,590,1125,877,1298,1496,956,129,100,1027,163,2950,2715,245,755,1553
51,1,135,37,225,94,210,27,25,267,9,142,570,777,304,16,47,123,112,31,40,16,37,34,96,55,112,181,55,134,168,52,155,37,10,87,63,34,9,84,321,14,34,79,24,50,3,5,78,293,48,245,33,158,17,218,321,136,15,371,14,107,20,255,85,9,443,309,345,75,19,3,85,17,827,64,512,282,212,421,314,43,126,196,96,18,103,13,100,49,43,131,25,8,23,198,83,55,41,19,190,12,66,449,161,18,1180,249,127,56,48,112,75,41,524,96,330,191,15,78,7,102,117,6,19,212,196,151,34,23,615,30,117,12,31,14,343,13,4,369,183,43,48,280,260,325,217,212,2,25,171,69,25,116,30,110,83,203,234,42,114,112,166,248,456,514,64,424,69,76,44,934,32,54,60,127,200,48,7,88,45,252,23,67,83,28,22,268,17,822,821,602,31,278,23,54,8,183,21,354,206,804,7,223,37,534,237,118,31,131,167,91,273,63,54,10,106,116,8,89,49,20,16,11,57,677,16,32,558,126,137,154,24,211,15,42,123,34,35,64,7,38,415,217,79,35,71,46,12,105,23,286,18,88,14,91,21,1025,184,103,380,396,14,112,208,11,675,21,109,15,524,5,39,349,184,6,25,184,289,100,15,50,154,2,41,74,39,52,22,44,20,62,775,634,32,64,27,185,47,760,30,163,23,19,41,151,314,33,432,49,70,60,120,411,286,46,60,132,276,19,616,90,294,24,23,46,13,91,151,48,47,153,9,73,288,14,28,10,38,25,336,326,110,18,240,177,6,29,430,38,331,5,25,152,299,221,52,94,18,58,276,234,27,72,200,24,57,76,105,13,91,229,47,179,13,28,342,13,173,50,15,24,52,287,52,84,47,239,38,11,178,110,49,130,328,66,8,71,113,63,8,306,87,187,250,55,44,56,91,34,14,57,24,52,538,249,31,24,24,245,9
0,0,49,11,21,38,0,23,1,0,12,2,5,5,1,5,0,5,1,5,7,0,4,4,1,1,0,22,37,0,185,2,5,16,53,19,15,1,0,27,6,363,9,0,2,33,2,36,1,133,1,3,6,0,65,24,3,0,8,0,1,2,0,8,13,2,10,3,7,9,9,0,0,0,6,0,12,1,34,105,0,1,0,9,0,0,26,1,0,0,3,28,0,0,8,34,11,12,2,0,7,0,1,1,1,0,18,4,0,6,8,3,3,1,126,148,1,98,1,3,5,0,1,0,9,26,3,53,6,0,2,16,1,0,4,0,0,15,6,17,12,1,32,6,5,8,0,1,0,0,1,6,10,2,6,90,0,132,9,1,0,27,2,5,20,6,0,4,2,2,7,5,0,0,3,0,1,7,0,14,7,6,5,0,46,52,0,7,3,21,1,8,14,0,0,0,0,13,19,5,6,0,1,0,9,3,1,7,8,2,0,30,14,1,7,8,27,2,1,0,0,6,2,0,1,1,0,3,0,26,20,15,3,25,0,1,2,26,111,4,10,4,15,69,6,2,126,0,0,1,1,0,0,2,5,2,2,2,15,12,0,75,0,1,3,2,9,1,1,0,0,3,4,1,1,0,5,0,5,86,1,0,1,5,1,0,4,53,6,2,0,1,2,119,2,31,28,3,5,30,0,0,0,9,6,4,0,5,2,0,1,21,26,10,19,49,0,12,18,2,108,6,4,2,1,6,1,3,4,3,13,5,0,1,1,4,0,2,4,16,1,0,217,19,0,1,1,2,1,11,1,0,0,18,3,0,0,22,13,0,190,6,5,0,0,14,3,6,8,0,1,282,0,1,1,14,10,5,158,2,0,1,1,9,1,1,1,5,5,2,12,4,9,14,78,38,1,0,7,13,0,8,65,1,1,5,19,25,1,2,3,1,49,0,13,20,2,0,2,72,1
13,111,42,183,29,18,2,30,81,29,5,2,17,121,3,130,40,17,173,47,69,158,16,17,153,55,0,20,66,17,721,38,25,282,9,43,15,31,19,6,10,14,83,31,12,46,95,128,2,33,140,8,33,105,116,11,208,4,86,158,77,41,70,38,132,147,34,23,113,95,9,82,14,210,20,9,6,52,102,190,13,19,56,10,6,10,32,8,131,36,15,0,8,79,111,45,10,9,82,300,12,28,13,126,21,185,380,188,30,173,52,53,72,1,43,10,7,11,15,6,102,317,6,86,21,4,15,13,180,359,174,14,8,247,65,205,4,58,134,176,21,358,254,16,8,9,42,10,122,300,4,153,40,159,2,77,20,116,58,9,63,66,68,112,48,21,57,11,5,11,6,122,9,8,15,4,42,68,107,29,18,34,210,86,188,161,49,5,90,246,7,165,68,5,192,140,4,61,38,1,31,125,140,14,111,10,34,98,186,17,17,2,64,9,60,17,19,420,216,20,4,16,200,313,258,35,1,13,330,6,15,27,92,14,122,113,3,22,15,31,35,67,216,73,2,15,99,208,72,26,154,3,102,92,157,30,9,41,38,81,46,136,196,17,51,121,10,186,18,166,1,63,10,3,45,130,104,10,6,121,61,184,55,79,9,14,13,93,12,28,89,12,67,23,69,215,19,202,20,326,282,2,147,21,281,13,14,121,46,81,28,165,11,10,22,39,17,22,20,185,237,114,41,73,29,2,114,29,72,204,82,517,246,99,19,4,3,224,84,29,32,42,37,48,7,60,57,96,23,144,368,1,258,442,57,28,600,3,36,95,57,57,145,9,24,74,4,7,87,1,5,12,97,24,114,52,49,60,40,308,20,250,35,10,12,5,30,49,156,53,14,4,11,63,8,103,156,192,9,94,47,69,25,2,16,34,8,104,17,170,55,254,11,9,226,2,140,112,171,64,129
53,6,59,41,148,138,72,53,20,285,39,247,370,1465,229,38,35,142,168,36,58,23,43,75,83,43,48,715,39,198,247,189,154,76,39,257,148,38,24,284,278,40,50,49,26,100,18,31,58,429,110,201,35,126,52,156,534,173,59,181,36,125,25,156,68,44,515,345,305,50,45,12,21,10,374,45,361,236,138,238,243,57,120,99,44,28,67,9,70,115,35,37,21,13,50,145,110,169,50,37,262,46,86,286,100,11,689,129,106,60,70,353,106,44,826,70,229,363,35,213,35,72,84,3,18,112,200,239,54,15,372,23,174,20,49,28,184,22,28,269,222,44,79,600,204,96,166,204,22,10,118,94,34,148,43,175,250,185,77,50,104,117,56,288,256,169,139,697,23,97,122,1308,19,52,63,49,159,114,12,100,127,217,80,31,151,44,47,363,38,887,232,262,64,79,37,60,23,188,28,444,185,1021,14,82,33,341,108,280,53,155,183,128,135,278,7,40,66,261,11,102,54,16,52,15,87,778,22,80,241,108,121,119,24,142,24,60,82,41,67,53,17,31,188,226,124,24,60,83,20,27,13,215,29,107,66,38,36,1013,372,142,385,197,27,84,100,17,1199,13,132,13,156,19,41,99,81,7,31,77,92,56,9,97,249,7,52,44,60,93,65,24,28,45,457,1111,49,92,81,231,18,474,21,106,14,20,68,57,290,101,222,94,75,80,292,522,247,30,60,148,239,19,422,115,171,34,82,45,14,161,68,49,86,212,34,128,692,29,24,16,126,55,157,178,164,36,39,84,15,52,460,57,494,42,28,125,308,237,30,88,35,59,118,467,33,53,438,35,49,113,111,35,60,565,23,226,10,75,307,33,224,54,19,61,39,203,49,54,82,154,63,16,133,56,129,156,279,97,14,67,104,53,16,299,64,102,184,103,71,134,105,47,44,61,41,47,877,77,71,12,24,433,28
183,50,86,24,129,23,0,12,12,1264,49,38,31,53,1,226,62,7,0,113,105,166,55,118,1,23,1,27,3,9,91,153,52,209,12,10,14,16,0,590,6,0,417,3,3,66,155,9,48,65,174,5,0,0,44,1,30,9,3,0,0,105,63,8,20,9,45,14,109,74,15,41,14,227,40,26,3,26,2,7,8,19,4,2,23,0,294,3,29,7,1,12,4,100,53,58,3,95,42,195,38,3,49,191,7,184,67,3,195,252,448,97,6,3,152,1,0,4,0,5,12,0,20,59,88,0,36,85,70,271,8,10,60,254,5,205,6,5,96,52,101,500,194,22,7,32,12,935,112,105,1,13,132,0,0,130,25,52,26,0,3,79,22,63,2,16,0,59,0,0,0,2,40,20,17,3,215,0,47,30,2,21,21,15,288,85,14,0,29,238,1,34,3,2,207,0,5,39,6,6,344,7,131,2,21,60,61,4,317,80,9,2,299,1420,0,3,18,3,69,16,0,13,214,66,55,4,5,1,4,4,67,9,0,6,153,13,2,15,59,36,2,53,33,12,0,6,21,3,21,0,113,6,162,55,211,41,3,9,142,68,44,1,351,64,33,318,8,81,23,86,2,175,11,10,1,81,6,6,0,9,76,4,61,116,48,0,41,471,17,22,1,9,6,39,7,32,714,81,6,27,308,1,17,2,15,42,0,16,33,0,47,110,369,10,15,47,24,113,212,166,27,66,10,179,1,1,56,10,26,29,23,5,319,1,12,0,1,201,7,25,56,1,66,14,8,1,212,160,60,47,1,23,339,5,256,0,0,19,4,33,41,1725,19,1,7,16,15,0,51,2,1,4,28,3,100,3,1,6,12,11,8,170,4,42,65,14,6,28,0,201,45,4,29,19,25,404,118,3,1,36,0,45,538,3,0,14,79,148,41,1,74,55,15,6,459,3,496,125,46,15,94
79,1,32,10,756,96,163,5,3,324,294,490,3099,380,10,12,51,14,8,969,40,9,44,11,8,10,106,5,3,42,2452,94,43,17,132,221,21,12,4,162,76,7,35,81,20,37,4,5,30,84,45,239,13,439,9,232,29,264,17,21,3,9,5,238,78,4,1073,617,24,81,22,2,3,6,625,33,2321,394,64,8,1438,64,17,39,9,2,183,7,131,9,6,134,177,4,29,40,34,271,14,6,377,9,45,520,36,9,1607,9,71,130,61,46,353,10,4331,15,748,461,9,23,4,10,40,3,8,11,212,353,5,4,29,19,327,7,28,6,424,2,3,4268,26,16,160,25,62,137,982,63,6,8,23,49,21,13,6,855,23,20,72,39,554,71,225,73,159,419,258,25,6,9,21,470,16,67,25,64,1853,18,7,78,19,42,8,19,48,6,24,2,4,970,460,40,9,151,13,6,1,279,6,566,166,40,4,4,16,1517,10,20,36,96,559,13,69,31,12,3,165,61,2,11,372,5,19,6,29,1176,12,189,719,2,129,291,9,70,2,20,13,10,24,38,28,22,844,955,673,70,34,10,5,3,5,36,6,350,18,139,17,360,23,24,778,702,11,77,504,3,36,8,41,9,311,8,18,643,420,3,31,41,37,6,5,4,546,3,65,310,164,52,9,247,8,304,1131,58,13,29,259,37,27,1483,15,272,21,35,28,3,379,8,251,6,68,111,46,483,688,100,12,3149,181,11,1761,45,146,11,12,16,7,107,113,25,333,742,12,8,2010,36,394,1,29,33,116,92,20,1,109,317,3,110,113,27,49,12,13,4357,578,601,49,6,12,9,1688,874,6,2,1835,8,7,213,9,45,42,13,8,7,5,15,41,3,84,4,9,38,1,373,14,6,770,760,6,8,229,37,102,6,993,63,1,40,51,46,7,273,137,150,1367,32,160,56,23,14,17,7,249,13,3398,211,27,6,6,1264,9
140,5,38,83,280,255,323,83,58,589,75,390,492,2138,645,46,90,236,339,145,170,42,107,154,176,191,173,729,115,407,261,312,362,205,108,420,178,47,36,334,394,49,105,114,69,263,33,102,108,994,210,668,96,205,56,322,494,238,128,314,67,413,49,406,163,76,941,416,694,119,71,15,79,31,690,85,978,570,486,350,673,112,656,118,95,114,110,40,303,219,155,483,47,25,42,1068,481,541,115,54,323,84,186,497,293,38,1606,227,270,164,124,328,231,162,814,196,595,921,96,485,65,299,215,15,47,185,406,893,95,36,933,53,311,33,84,46,671,45,27,835,411,98,257,920,362,612,687,525,45,38,265,320,93,329,100,940,256,325,300,121,234,152,246,380,599,654,462,1993,84,250,373,2075,102,153,134,247,582,258,33,238,114,524,111,100,422,48,87,1251,62,1732,394,925,94,536,65,234,62,455,80,799,375,3005,35,307,53,348,261,413,102,358,649,203,377,830,41,44,245,483,23,318,223,46,66,45,172,1178,61,272,245,313,217,250,32,378,59,77,228,161,80,155,62,58,573,722,627,73,113,129,60,121,42,326,34,219,123,98,124,1785,1280,243,1480,610,60,237,188,43,1467,49,333,56,969,43,99,333,406,37,75,225,370,180,20,201,453,22,110,256,139,162,132,134,47,177,1001,1273,99,122,246,266,66,1243,52,637,52,30,103,231,583,135,507,239,134,238,363,1177,748,55,113,376,458,27,795,214,177,71,174,64,22,590,263,115,241,921,62,285,1113,151,43,30,144,86,922,747,368,37,181,270,16,87,1003,114,1798,54,64,640,756,626,207,355,79,112,844,676,67,88,689,47,131,413,213,29,160,1077,54,513,39,144,411,95,396,85,26,133,127,456,211,372,374,295,122,57,467,120,238,362,549,165,25,100,160,197,38,532,123,442,704,210,72,264,251,77,61,168,121,182,1289,212,99,26,67,996,43
402,157,1686,548,1053,416,52,293,183,850,689,350,174,782,259,1348,666,103,24,1083,1831,1721,1197,1413,259,354,72,297,98,185,589,638,435,1399,795,840,664,320,71,431,501,251,2638,238,163,585,1286,286,366,735,1761,135,496,82,1232,143,320,132,220,129,36,598,398,249,313,168,597,240,1199,769,275,460,337,1346,923,472,90,390,279,108,89,697,121,282,325,29,629,97,520,82,78,120,131,587,514,888,52,944,608,1473,524,132,667,880,460,1376,365,131,1481,2228,1519,556,216,120,903,155,41,360,62,74,221,153,369,536,962,52,471,1475,787,2320,118,391,381,1466,132,1004,130,152,829,1408,370,3079,2311,519,146,213,298,378,840,934,184,166,1955,87,159,1599,269,315,226,77,158,964,208,943,505,446,105,400,19,61,333,261,533,242,588,59,1168,286,448,1302,225,309,160,316,2031,1458,151,91,170,1167,388,352,109,183,1141,48,155,406,117,196,1089,169,1238,93,217,502,1249,137,1908,638,129,168,2028,821,204,99,550,526,371,215,232,155,1749,1087,376,256,151,332,91,247,933,209,112,367,841,245,107,438,4362,361,161,470,225,198,39,283,484,184,337,60,635,181,840,551,2004,624,212,250,1195,607,260,39,2527,809,292,2288,223,770,535,1048,148,1528,201,96,182,590,524,231,110,86,904,128,448,591,832,46,617,4051,503,692,109,396,127,446,334,619,464,1480,469,325,2724,657,271,137,423,241,115,389,710,68,432,740,265,559,767,1486,923,984,155,946,285,983,158,2432,135,237,765,179,420,785,216,291,2006,49,892,206,28,983,293,438,174,74,542,151,346,213,1593,1178,1098,672,196,160,2029,200,167,183,29,323,636,441,228,1095,195,78,852,254,230,181,334,67,211,85,199,118,602,588,133,74,273,214,431,1309,50,683,602,187,105,241,198,1069,384,74,423,277,250,3789,631,157,40,1192,45,660,1726,388,412,248,1088,2297,360,236,503,379,323,121,769,227,3797,1144,417,1485,725
2244,20,436,486,1080,131,22,543,272,582,580,240,51,1323,34,164,248,194,32,416,659,67,1144,1043,138,109,47,470,19,149,121,1684,786,1177,286,461,506,138,20,2597,55,65,192,107,129,860,82,447,274,883,112,106,69,14,523,22,267,78,74,229,43,198,16,141,370,402,53,275,429,1279,159,12,126,100,581,140,39,427,165,48,81,365,51,63,269,24,1584,8,520,116,4,75,68,17,128,862,68,523,424,267,869,198,911,1085,191,48,199,41,2383,118,2919,1479,100,23,678,96,30,33,80,70,84,41,330,27,308,14,253,956,479,174,48,222,572,103,115,57,301,126,100,1003,1822,143,567,482,206,212,71,1376,87,117,18,134,1163,47,37,1174,182,1050,286,10,178,595,316,836,606,155,20,356,21,32,88,25,464,333,509,113,1731,53,38,239,110,433,401,187,1664,1203,108,43,127,693,60,329,89,6,73,37,411,285,249,62,2240,53,117,113,237,861,239,94,549,364,105,81,2090,1777,28,54,569,94,30,241,19,245,216,30,87,36,105,36,16,98,1124,448,53,189,40,294,46,305,835,572,422,279,511,125,2,76,809,53,155,11,81,89,99,518,87,477,87,65,897,308,394,26,70,772,214,155,219,70,650,58,13,35,214,44,86,43,71,327,8,90,26,329,193,50,579,6,584,1175,273,428,9,169,122,335,478,177,1687,573,106,280,71,4,409,57,346,202,32,143,371,76,391,545,815,42,252,1181,182,1180,320,54,68,1182,247,241,108,55,31,92,110,525,41,367,169,25,239,164,46,40,199,598,76,106,285,179,104,21,78,110,1263,433,25,106,102,226,91,16,15,362,602,327,415,723,427,42,97,247,207,55,408,18,37,93,48,87,82,484,19,83,448,79,286,100,22,114,400,97,56,474,211,73,218,94,286,234,89,1511,98,73,32,391,56,402,325,176,99,103,1998,2134,104,162,342,570,224,113,6727,159,550,57,81,11,55
7,4,5,11,5,0,1,38,3,1,0,1,7,11,3,22,2,9,1,3,0,25,5,5,22,8,0,8,3,4,16,6,4,4,5,2,12,1,7,1,6,6,29,6,0,1,17,3,0,56,28,2,2,8,11,1,5,1,2,13,0,1,22,1,39,3,1,4,2,7,0,30,0,40,10,2,0,16,4,17,4,0,6,3,0,5,1,0,22,1,0,10,1,13,8,42,4,33,2,33,1,0,43,0,2,10,48,18,3,29,4,4,1,1,3,1,2,0,0,3,1,0,5,20,6,2,1,13,21,75,1,0,2,61,0,32,2,0,8,2,16,41,2,13,3,3,0,0,24,20,12,27,8,0,1,161,3,9,4,2,30,1,0,12,4,9,1,1,12,11,2,3,0,1,4,0,9,1,21,12,2,1,0,0,50,83,2,3,1,368,3,1,0,0,48,0,0,6,0,5,8,118,11,0,0,32,3,26,6,2,2,24,41,1,11,8,11,4,27,34,0,23,8,11,2,55,9,1,40,39,1,6,1,0,37,0,19,8,16,2,2,2,5,1,0,1,8,5,0,0,19,15,28,2,37,4,0,137,22,86,89,2,14,1,6,47,41,30,3,14,1,48,6,2,1,6,1,1,0,46,5,2,3,23,1,0,13,8,2,0,0,3,1,16,1,9,1,7,1,18,14,1,1,6,30,0,1,6,0,0,52,2,66,2,3,4,2,2,16,46,4,6,1,13,4,7,23,0,1,4,0,3,92,2,26,1,0,112,1,10,2,1,193,0,0,7,13,36,1,47,1,0,14,1,8,8,0,6,3,1,1,18,26,4,14,2,12,4,3,1,0,10,4,0,6,40,15,6,35,87,3,2,7,6,0,20,1,0,55,24,2,0,1,8,6,9,33,13,0,2,0,10,4,1,5,30,7,10,9,49,9,1,0,21,315,1,30,80,5,0,11
20,0,52,36,7,16,2,35,11,2,46,39,29,19,16,5,8,4,0,11,13,0,8,5,37,27,13,50,10,28,17,29,12,70,7,84,30,0,0,7,144,83,10,2,17,11,3,4,0,49,3,12,13,25,7,46,40,17,70,39,7,19,4,50,18,7,9,43,29,40,10,0,7,6,4,25,5,34,72,31,10,4,14,45,3,5,37,17,11,43,14,4,21,6,12,373,8,2,36,6,2,2,5,26,60,4,82,6,13,6,11,86,18,29,69,8,5,35,7,2,4,34,8,3,2,14,54,21,6,15,17,3,19,12,21,1,9,25,1,29,29,5,3,4,27,7,18,1,4,0,72,16,15,12,2,14,17,21,51,7,20,17,0,41,68,6,33,28,2,17,56,84,6,3,25,24,8,12,0,71,102,31,23,22,24,20,51,10,1,20,32,21,44,5,6,19,19,104,4,11,31,106,4,12,3,17,11,17,7,14,28,71,111,9,16,0,7,71,0,25,7,21,8,0,50,30,2,92,7,47,27,20,3,75,3,2,82,26,7,12,12,1,34,7,3,6,73,19,3,10,3,15,1,26,2,20,3,124,31,87,12,17,3,8,2,1,90,2,31,1,9,4,16,0,1,1,14,20,16,6,1,18,3,2,2,21,19,11,5,1,6,28,14,12,27,96,10,37,34,21,4,0,7,9,25,3,17,19,18,11,1,20,83,43,44,16,21,12,26,3,25,45,13,4,49,29,1,11,10,15,28,38,7,26,89,20,3,4,150,71,3,9,36,14,6,11,3,1,28,15,89,8,3,2,3,54,2,9,32,25,10,1,11,1,82,9,7,1,21,3,11,37,4,13,2,120,61,18,67,140,3,1,10,23,7,7,18,7,28,3,32,3,6,16,27,19,0,60,3,29,2,12,1834,6,20,2,53,35,13,112,14,48,16,27,10,28,10,3,12,29,1
9,0,55,3,37,5,0,0,0,2,6,43,8,136,3,0,1,20,1,21,0,1,51,4,3,1,0,90,1,9,6,9,5,0,7,0,4,1,0,0,46,2,0,1,2,9,0,2,2,24,0,5,12,0,13,2,24,29,4,56,0,3,0,18,1,2,14,31,22,1,6,0,24,0,1,4,6,33,15,7,2,2,3,94,3,0,63,0,2,39,11,2,21,1,0,24,5,14,2,0,5,3,0,34,34,0,24,8,25,0,12,16,0,9,11,0,0,32,0,3,0,1,6,0,0,28,30,38,5,0,42,9,4,1,0,0,4,0,0,5,65,4,15,6,0,0,25,2,0,0,0,7,8,0,0,21,35,22,8,0,30,1,1,11,3,12,3,9,0,2,3,81,1,8,34,56,0,39,0,14,1,1,3,3,85,3,5,27,1,11,4,5,16,0,4,0,8,41,0,4,12,30,0,28,25,9,9,0,1,25,2,5,29,18,1,3,10,1,0,39,2,5,0,0,30,92,2,1,1,29,5,2,1,13,3,12,0,4,8,21,2,20,7,0,1,0,1,2,3,0,0,5,0,32,0,34,6,24,72,11,11,51,0,19,5,0,44,0,26,0,19,0,5,1,18,0,1,5,2,51,1,4,8,1,19,2,72,1,1,12,3,3,12,86,27,0,6,29,1,2,0,8,2,1,7,3,9,0,17,4,4,9,9,16,0,0,11,26,3,1,18,2,1,1,12,1,1,37,0,13,0,20,0,1,10,0,5,0,3,8,2,2,21,0,0,0,6,0,0,1,3,20,0,5,0,4,1,3,0,10,2,9,1,0,15,1,0,1,5,2,0,12,1,5,0,3,226,1,3,3,0,0,0,7,28,0,6,6,1,0,4,0,17,7,5,25,1,5,2,10,0,34,0,19,13,16,30,6,6,0,1,2,22,5,0,5,3,0,0,7,2
36,21,43,35,162,43,29,44,40,41,75,53,192,160,7,115,75,15,5,106,135,137,16,93,24,29,2,29,17,104,15,55,85,57,11,330,60,16,8,79,104,27,272,11,17,38,167,12,110,184,272,72,10,7,92,26,66,9,9,29,7,47,60,68,99,24,78,73,98,128,44,44,12,202,33,58,44,270,37,32,24,22,10,32,13,6,138,15,106,20,24,2,32,114,73,55,74,117,63,73,56,21,55,30,71,196,65,43,164,644,105,41,92,12,81,18,15,36,8,10,29,25,46,85,42,14,55,69,33,317,33,29,26,223,32,114,10,17,34,78,83,191,257,44,137,21,76,62,112,101,36,36,45,6,12,122,35,32,92,9,18,85,20,89,241,13,13,70,2,25,13,29,20,97,51,19,140,35,80,84,45,59,17,20,127,38,24,6,48,550,94,40,15,6,140,33,8,85,27,18,69,59,174,11,20,23,60,25,95,102,29,25,171,68,8,20,153,97,49,21,12,27,125,109,63,103,25,31,45,33,324,83,15,90,95,30,22,24,111,84,20,15,44,33,4,20,62,11,46,15,52,69,219,47,247,38,13,100,51,47,34,26,265,46,46,247,23,86,103,58,56,110,44,37,9,13,6,38,26,18,36,16,48,95,100,25,103,353,91,82,25,22,21,69,38,40,155,88,39,417,129,20,37,24,90,38,12,29,15,11,15,59,125,140,1678,51,40,66,54,143,36,73,23,164,26,14,81,24,113,81,38,22,326,7,57,30,8,129,61,80,6,26,42,24,8,27,75,93,350,131,34,15,160,16,25,79,19,37,53,38,15,155,26,4,124,28,22,6,24,7,23,43,16,11,159,53,84,12,163,12,12,129,22,228,59,45,4,48,19,73,67,13,44,30,32,279,109,80,27,113,2,40,90,14,121,39,126,329,39,45,26,38,24,19,745,48,332,137,22,32,120
3,0,16,8,4,6,0,4,4,8,4,21,4,57,32,4,32,1,0,25,15,0,46,17,2,2,0,4,1,7,10,185,12,23,13,34,17,7,2,17,5,38,10,3,6,15,3,8,47,158,11,2,8,0,35,0,14,4,15,10,0,6,13,8,18,7,14,5,20,16,3,0,27,3,20,13,5,7,1,0,1,19,2,3,4,4,30,1,23,12,2,0,21,1,71,33,4,21,5,22,7,7,5,28,69,1,53,16,16,23,33,11,0,0,10,3,2,5,1,1,3,3,5,3,5,1,13,42,21,8,2,10,9,1,7,1,1,3,1,10,143,8,34,24,7,6,1,4,3,4,0,5,5,1,1,22,4,5,2,1,10,13,11,2,11,8,1,34,0,7,5,1,8,3,14,2,3003,14,4,6,7,3,46,11,34,27,13,1,2,190,1,6,0,0,2,15,15,3,7,2,16,5,1,51,5,16,6,7,18,21,6,0,36,8,3,2,18,9,1,19,0,7,15,0,80,26,65,2,0,8,17,10,24,0,2,43,2,11,22,12,2,4,130,4,0,2,17,4,17,2,8,7,9,17,3,7,10,34,39,7,172,1,9,33,4,4,0,8,16,3,14,1,10,8,34,2,2,1,3,21,3,14,7,0,28,2,25,5,19,18,0,11,34,288,12,7,2,8,9,11,2,0,4,2,6,10,0,3,8,5,16,12,12,2,10,10,12,3,1,2,5,25,3,2,10,2,2,4,8,10,3,5,9,2,13,2,6,0,79,16,3,3,17,3,6,1,0,2,7,28,3,6,5,3,6,4,3,3,3,7,7,4,12,0,3,14,5,6,4,17,2,3,5,0,5,57,8,0,9,25,10,1,1,6,11,3,7,1,1,0,19,2,8,10,10,33,6,2,1,18,1,176,26,2,14,11,26,6,5,5,20,16,10,1,166,6,11,5,6,7,0
55,6,158,19,41,89,0,21,16,56,3881,4856,1865,401,285,22,9,104,1166,22,12,23,111,32,5,26,3,19,49,112,15,34,268,37,157,170,815,6,3,51,86,3767,29,8,37,25,20,11,10,144,22,245,4708,2,2013,16,16,3,2317,515,7,12,7,11,20,2372,22,25,16,78,7,3,7,21,13,12,31,27,343,92,3,36,8,66,13,623,85,13,32,133,42,9,1221,6,3163,82,223,161,10,12,28,943,13,27,109,23,170,26,40,33,213,32,27,53,28,66,117,1028,1053,32,6,13,45,6,20,8,17,387,7,18,205,22,60,11,223,9,154,8,14,56,187,24,59,582,59,5,17,30,18,24,9,6,16,1311,4,86,687,25,9,13,141,17,2,62,125,179,4,26,335,6,96,563,20,72,25,212,133,1671,10,38,117,18,1765,9,43,43,17,93,6,30,133,29,23,207,9,3,5,152,13,100,42,686,33,171,19,20,15,6,15,11,22,88,58,28,1448,7,252,45,6,26,2,18,35,16,2380,520,45,1049,3,17,45,2684,831,1163,9,1653,17,23,76,26,2402,50,116,43,1,600,793,10,16,3,4,6,6,12,14,31,4043,189,54,27,455,227,24,24,48,22,23,10,46,11,227,10,36,13,293,10,3192,83,50,6,4,23,14,15,42,9,154,44,12,16,10,2282,433,509,2833,56,79,26,26,52,39,35,51,9,15,237,114,4883,16,4,190,529,164,802,81,111,7,19,26,8,26,25,4,35,3368,777,6,1373,14,33,72,719,30,13,53,2360,5,16,1968,28,23,271,24,12,16,217,22,21,51,22,87,60,24,14,19,25,14,19,41,1007,43,291,10,23,55,455,13,3,824,20,565,54,3,81,14,27,87,7,177,3,33,18,2,10,79,5,94,12,3338,9,15,3,15,193,195,235,10,6,31,31,25,14,278,122,102,11,64,43,2,19,35,29,12,97,1289,15,37,22,4,224,7
7,1,11,16,4,5,0,3,6,15,13,5,3,276,262,53,8,4,3,16,18,35,5,7,4,5,5,7,0,1,2,10,13,9,0,39,137,8,0,12,4,2,45,2,0,13,21,2,6,21,58,2,18,2,34,4,6,3,3,10,2,11,13,3,5,8,9,6,5,25,5,9,1,13,3,6,6,10,8,2,31,23,1,2,3,3,50,0,5,27,2,0,3,12,12,4,1,5,9,28,11,4,4,9,4,42,23,3,5,93,18,13,3,1,12,4,1,170,13,3,10,3,7,40,30,1,8,28,21,64,3,13,7,51,4,19,2,0,5,25,11,82,21,17,4,0,2,10,16,20,3,9,34,13,3,17,4,10,7,2,9,4,1,10,32,2,2,8,0,4,16,2,0,4,17,2,18,21,15,16,1,8,112,8,3,3,0,1,1,119,17,12,6,0,30,0,2,10,1,3,14,3,13,2,4,5,4,4,34,7,2,3,24,50,6,1,9,17,6,0,6,5,10,20,16,13,6,5,5,5,18,3,27,8,8,7,7,6,26,12,13,4,4,9,4,3,20,9,6,0,9,1,92,14,34,2,31,9,7,18,12,3,67,2,1,40,2,20,16,45,6,78,11,4,0,22,3,4,3,2,15,4,5,13,54,0,14,34,25,5,1,28,3,7,4,3,12,11,2,2,74,2,7,2,13,2,5,2,0,1,1,45,683,4,34,4,3,4,4,8,2,19,5,44,86,4,12,19,10,5,18,21,14,0,22,4,5,27,17,11,3,3,3,166,4,0,24,27,24,16,9,2,20,1,5,4,1,6,35,9,3,9,5,2,1,5,2,5,5,2,10,8,6,2,3,19,8,2,5,3,1,13,3,10,6,4,1,7,2,44,3,0,6,46,0,32,16,4,4,9,2,74,36,2,14,1,18,37,9,18,8,4,1,2,79,8,44,10,9,5,63
239,20,177,83,381,142,53,78,78,458,164,542,248,546,261,55,150,225,126,180,113,28,146,101,113,241,164,206,57,178,461,144,257,226,88,298,188,57,55,281,281,83,93,117,99,242,38,54,78,322,142,173,126,177,54,366,167,272,64,362,164,140,48,151,91,84,355,286,321,187,61,20,104,53,514,79,298,154,150,182,181,60,277,131,85,80,140,52,191,292,104,159,43,21,72,153,410,277,86,81,194,51,78,147,362,33,609,183,180,125,271,254,132,133,1204,152,248,920,56,203,38,239,114,50,43,113,216,732,171,58,494,77,214,60,137,28,599,44,36,560,217,96,123,646,126,347,128,516,35,55,176,186,85,292,42,290,218,227,160,59,192,166,143,191,289,447,957,522,148,91,199,466,72,100,90,71,793,131,29,76,167,291,90,86,183,97,153,193,99,689,475,378,95,203,43,114,50,344,33,592,294,606,35,102,48,431,120,326,105,152,283,193,271,441,88,28,164,579,17,84,198,39,72,32,130,359,48,335,334,216,271,93,45,176,46,65,126,187,118,105,53,104,617,269,87,33,135,149,54,90,39,240,48,127,57,238,180,215,283,164,479,673,66,169,332,55,173,31,131,50,393,50,275,224,141,6,73,221,143,96,37,82,163,31,55,120,96,175,86,148,149,147,306,759,86,415,311,467,62,352,62,159,59,52,91,134,277,269,263,140,162,317,749,286,233,117,98,338,250,35,837,161,211,116,57,107,30,220,131,107,123,340,49,104,422,162,32,37,115,148,375,245,97,46,123,160,35,48,542,158,428,83,65,235,210,399,101,298,83,174,403,818,65,114,440,67,98,329,266,109,70,366,35,388,76,180,212,41,123,85,43,82,197,147,120,133,329,176,84,31,171,117,165,66,426,174,31,123,149,206,37,497,408,371,388,69,139,317,116,115,54,127,118,87,599,126,87,57,81,321,45
2,1,0,2,5,2,1,1,0,3,2,1,4,8,3,8,2,3,0,4,4,0,0,0,0,0,0,9,0,8,0,1,0,3,0,1,3,2,0,1,0,1,19,0,0,19,21,0,1,21,14,2,0,1,11,1,3,0,2,3,1,6,0,2,1,2,0,0,2,4,2,63,0,3,0,0,0,2,0,1,1,1,2,0,1,0,0,0,0,1,0,0,0,0,6,3,1,3,2,8,1,1,0,1,2,19,81,1,4,27,3,0,0,2,2,0,0,3,0,0,1,1,1,61,15,1,4,1,0,0,0,4,0,13,4,3,5,0,0,3,7,4,3,4,5,0,1,0,7,7,2,0,2,0,0,4,2,4,2,0,2,2,0,5,6,2,1,2,0,0,0,0,1,2,1,0,2,3,8,0,0,3,1,3,0,1,0,0,3,4,0,1,0,0,1,6,0,2,0,4,1,0,74,2,4,1,0,5,2,1,1,1,8,1,0,1,3,0,1,0,0,1,0,24,0,0,2,0,2,3,7,0,0,2,7,0,1,2,1,0,7,2,63,0,1,1,1,2,0,0,4,6,6,0,0,0,1,5,0,0,1,2,31,0,0,9,0,12,2,0,2,7,1,1,1,5,3,0,0,0,1,1,0,13,3,2,1,8,3,3,4,0,1,5,0,10,0,1,0,122,7,0,2,4,0,1,1,3,0,0,0,1,2,0,3,0,0,3,3,1,2,0,2,12,0,2,18,0,4,4,1,2,14,0,0,2,0,9,0,7,2,0,0,0,0,7,8,15,11,1,1,1,10,1,0,0,0,5,3,1,0,1,1,0,10,2,0,3,3,0,0,4,1,0,25,2,0,2,2,0,1,2,4,6,1,0,1,0,1,8,7,0,1,0,6,2,7,1,0,1,2,0,4,9,0,1,2,7,0,1,0,0,0,0,9,0,3,4,0,0,9
3,301,397,4,21,83,0,153,76,7,639,854,451,18,1,462,17,42,247,54,25,509,38,43,238,300,1,102,14,26,20,9,46,158,17,152,226,9,24,6,22,1149,1013,2,7,10,291,12,175,8,227,53,912,12,498,123,69,7,123,6,393,67,48,14,191,437,25,9,66,42,7,607,126,1480,12,13,21,30,397,4,16,8,112,2,19,25,25,11,25,180,20,0,70,339,832,25,43,19,54,641,4,281,39,26,18,880,12,17,48,107,84,17,2,72,28,33,46,17,69,92,98,38,18,202,43,30,41,49,210,350,5,34,7,601,1074,771,4,44,230,38,7,439,42,9,10,12,2,2,532,202,107,237,134,11,28,141,341,78,16,9,13,48,5,15,6,3,5,14,25,25,59,76,13,310,18,56,70,128,582,17,35,13,549,62,79,317,35,34,88,4,1,42,5,13,409,2,40,14,33,105,34,14,464,24,35,154,27,24,82,36,35,35,85,17,786,151,52,208,629,12,0,4,458,173,303,28,3,111,58,13,13,307,265,42,723,202,92,25,79,18,807,11,18,82,56,10,507,713,91,1,367,3,328,37,853,2,52,13,133,91,8,67,136,32,29,569,13,197,11,174,5,223,13,316,1,93,783,13,17,14,92,1381,11,459,13,7,14,221,28,5,56,590,7,6,609,225,15,106,3,4,170,30,14,238,97,43,95,517,16,48,54,50,2,152,15,74,8,16,30,372,16,36,14,134,268,91,250,68,6,71,181,205,927,340,9,2293,31,499,228,16,17,7,48,81,0,8,88,275,24,534,15,549,360,29,16,19,25,20,281,143,16,44,247,0,10,157,14,4,297,6,326,15,56,16,42,522,48,19,23,83,3,104,6,8,80,26,3,32,1211,311,40,8,48,28,11,922,240,65,128,12,102,81,549,10,1,9,56,101,17,129,96,10,5,7,523,25,614,1550,839,6,310
1,1,0,1,4,0,0,1,0,0,2,1,0,4,0,5,0,1,0,6,7,22,0,7,0,0,0,4,0,1,1,4,4,6,3,1,1,1,0,3,1,1,10,0,1,0,13,0,0,9,6,0,0,1,1,0,0,0,0,4,0,0,1,0,2,0,0,0,3,4,0,5,0,11,0,0,0,1,0,0,0,0,1,1,0,0,9,0,0,0,0,0,1,18,0,4,1,6,1,1,0,0,2,3,1,3,12,0,8,8,29,2,2,0,3,0,1,0,0,0,0,0,0,1,1,0,0,19,2,20,0,0,0,10,0,3,0,2,8,2,5,5,8,0,0,0,0,0,8,3,0,2,9,0,0,6,1,2,2,0,0,4,0,3,4,0,0,3,0,0,1,2,0,0,0,0,49,0,3,1,0,2,0,0,11,4,0,0,0,5,0,2,0,0,4,0,0,0,1,1,3,3,7,1,1,2,0,2,2,0,0,0,13,7,0,0,2,0,1,0,0,0,4,5,1,0,0,2,0,0,5,1,0,0,6,0,0,0,6,1,0,1,1,0,0,0,0,0,2,0,0,0,2,1,14,0,0,0,3,3,2,0,36,1,0,19,1,3,0,1,0,14,0,0,0,2,0,0,1,0,0,0,0,3,0,0,0,9,1,0,0,0,0,6,0,1,2,4,0,0,11,0,1,0,0,2,0,0,0,0,0,4,6,0,0,5,0,6,0,1,0,1,0,21,0,0,2,1,0,0,2,3,15,0,3,0,1,9,0,2,0,1,0,0,0,0,2,4,5,5,0,0,14,1,0,1,0,2,1,0,0,6,0,0,4,0,0,0,0,0,0,0,0,1,2,1,0,0,1,0,2,7,0,0,0,0,0,0,0,5,0,0,2,0,0,23,3,1,0,0,1,0,6,1,0,0,13,15,0,3,1,0,3,0,4,0,51,5,1,0,0
12,32,29,11,20,7,1,28,7,93,59,12,4,96,5,290,41,11,4,95,51,596,26,27,6,13,0,5,13,7,19,3,3,386,2,110,15,33,2,31,9,5,517,0,2,17,445,7,38,15,564,3,1,0,80,2,6,0,2,8,0,148,147,11,7,9,53,1,87,11,1,274,5,619,12,7,28,11,7,24,36,10,10,3,4,0,32,4,14,32,1,0,6,249,159,20,14,22,64,324,5,5,15,9,8,697,77,5,26,627,32,10,1,4,41,3,5,3,1,5,12,0,5,483,263,0,12,46,76,522,63,2,4,552,13,426,5,4,138,28,12,1032,94,5,4,8,2,0,353,410,3,36,161,0,2,177,8,27,1,3,8,28,6,44,11,6,1,3,1,6,2,7,22,8,12,1,231,6,397,14,1,0,16,7,52,40,5,4,21,193,0,3,11,2,307,1,9,1,7,0,13,25,454,3,5,8,65,8,86,22,4,4,113,9,12,9,39,17,163,14,1,14,247,509,41,0,0,3,6,6,21,3,4,0,348,8,3,7,65,12,2,21,3,7,0,9,10,6,77,4,135,2,359,19,557,4,8,7,69,68,7,8,805,4,12,824,6,302,7,294,3,844,2,11,2,235,3,1,2,6,434,4,52,419,6,0,8,523,11,4,1,2,3,11,7,72,14,178,0,12,2226,6,27,7,12,4,2,6,7,1,14,107,10,4,8,121,6,6,9,411,4,10,1,390,1,1,338,2,31,71,45,4,868,0,3,6,4,410,9,7,37,7,7,10,4,7,562,442,2,79,4,23,1160,16,8,3,0,4,5,40,5,290,7,2,3,3,8,4,10,1,1,16,43,2,486,13,0,18,1,13,6,384,3,4,19,8,9,10,4,266,15,1,5,46,38,560,275,3,1,4,1,76,275,27,0,11,34,120,29,1,18,14,9,6,76,3,922,597,187,5,335
218,7,64,5,163,1,2,0,3,58,0,1,20,21,45,12,2,124,37,42,14,5,13,5,0,9,77,1,13,331,67,413,72,20,17,2,1,7,0,145,1,690,22,20,1,19,30,2,1,50,24,0,1,2,5,0,3,1,31,1170,0,10,12,3,6,62,77,12,200,32,3,26,0,17,6,0,0,11,133,1,26,98,5,0,3,134,9,0,10,353,0,170,10,22,22,0,1,73,7,2,9,0,6,17,0,7,102,0,7,24,67,3,2,0,102,0,256,649,346,0,2,1,9,12,7,0,0,305,28,6,820,1,167,30,200,6,0,0,27,191,241,20,17,423,11,0,1,210,3,18,0,19,7,1296,0,44,1,5,0,11,21,9,10,18,2,177,7,53,117,0,10,20,24,2,0,1,30,0,9,11,1,0,2,3,23,0,6,1,0,6,1,70,305,1,15,513,0,326,0,10,15,0,31,2,3,34,14,0,47,8,570,29,29,68,596,1,11,357,1,1,0,3,29,5,48,33,26,30,52,0,44,287,0,236,32,0,0,0,66,13,253,12,120,13,6,4,9,13,0,0,17,96,31,10,15,2,232,128,32,3,189,5,9,6,221,12,2,13,12,22,249,13,47,0,32,16,120,61,5,1,18,1,4,7,21,2,30,117,2,20,726,38,13,842,9,2,24,5,0,1,18,3,4,0,6,17,1,7,8,5,64,148,82,4,9,1,42,49,6,9,11,13,0,9,0,249,6,9,4,4,25,1,26,0,682,1,0,8,2,40,11,4,2,1,1,12,11,11,23,1,15,0,5,889,25,7,7,0,4,263,14,8,0,96,19,0,21,0,1,1,1,1,1,0,24,3,0,2,1,1,4,14,673,5,11,150,0,1,169,11,11,0,6,53,1,214,20,3,0,31,86,23,2853,14,7,0,32,17,0,0,3,1,0,1,241,1,46,10,0,364,19
2,4,11,7,15,16,0,2,11,7,5,2,1,0,0,82,17,0,0,24,42,62,32,35,0,27,0,9,0,1,2,9,8,37,19,1,3,1,2,7,2,0,75,1,1,10,54,4,15,8,40,0,0,0,38,0,3,2,0,1,0,30,6,1,1,0,5,3,37,21,0,11,11,28,10,7,1,10,1,0,0,23,0,3,3,0,1,0,15,1,0,2,0,16,5,0,0,485,10,47,7,0,7,27,1,38,12,0,75,69,37,5,3,6,22,0,0,1,0,0,9,0,14,23,38,0,16,28,23,60,0,6,1,27,1,46,2,0,39,22,8,52,100,2,0,4,2,0,16,17,0,2,58,0,0,71,1,8,0,0,1,15,0,11,0,0,0,38,1,0,0,1,10,19,8,1,13,0,10,25,0,2,2,5,83,52,2,0,6,1,1,8,0,0,25,1,1,3,3,2,4,2,21,0,8,7,12,0,55,7,1,1,57,8,0,0,12,0,17,4,0,7,49,27,4,28,1,0,1,0,20,0,1,0,20,1,0,4,257,8,1,9,0,1,0,2,4,0,8,0,33,7,35,22,42,11,0,7,22,8,19,0,38,15,4,44,0,39,9,25,3,53,3,1,0,12,1,1,1,0,11,0,8,45,14,1,17,87,14,29,1,3,0,6,5,1,26,24,2,8,69,0,2,0,7,3,0,2,7,0,8,11,1,0,2,31,10,13,6,60,1,15,3,98,0,1,26,0,14,24,3,4,52,1,0,0,2,58,0,4,1,1,10,1,0,1,73,45,19,27,1,4,58,1,9,1,0,1,1,8,0,8,5,0,0,8,2,0,5,0,0,0,8,0,43,4,0,2,1,4,7,39,0,15,28,1,2,5,0,23,4,5,5,8,1,154,30,0,0,38,0,5,17,0,5,9,31,23,7,0,33,7,6,0,0,1,122,41,3,0,23
197,2,66,81,566,363,166,95,28,928,44,655,985,2930,791,50,71,694,544,118,245,15,133,219,147,231,326,861,64,497,486,504,553,90,50,608,440,112,11,675,790,25,45,103,37,462,15,42,161,1185,117,926,365,219,24,664,624,724,27,858,120,492,18,334,85,45,1279,800,552,139,73,2,59,9,1136,139,1008,925,656,249,813,153,404,228,103,91,139,8,458,284,116,209,65,12,11,654,459,1218,199,26,564,122,284,620,204,22,3194,402,347,63,107,536,272,77,1182,187,1575,1597,197,280,47,359,173,4,13,274,458,800,108,22,1470,49,631,16,107,12,760,57,8,880,639,50,167,2191,464,255,611,1270,25,12,573,365,75,501,87,544,387,296,280,122,460,369,257,783,721,370,671,2278,226,154,572,3022,132,235,214,371,547,388,20,306,281,584,124,159,453,39,187,949,45,2373,535,1278,188,413,51,236,78,1058,68,1414,588,2775,5,353,56,1454,261,527,70,441,994,401,377,782,43,45,196,633,4,256,206,72,28,23,207,2311,91,292,685,250,420,512,19,693,43,84,412,259,68,187,19,130,599,982,178,74,141,226,47,174,43,604,20,274,64,89,101,1463,1191,190,1976,911,33,283,245,14,836,10,503,14,939,11,116,570,400,3,96,658,774,68,10,180,654,15,116,154,162,113,182,72,33,171,1504,157,179,141,114,737,32,1353,39,340,56,38,186,210,817,177,966,357,350,292,498,1620,1045,38,198,929,531,27,993,475,359,37,198,84,13,1602,237,70,252,1048,38,462,2247,113,78,12,223,154,588,1147,441,15,116,525,6,117,1519,75,820,57,33,590,1253,1003,83,488,70,174,331,970,107,146,1532,56,248,457,322,112,249,994,34,557,8,116,763,62,462,232,23,110,126,674,216,297,317,675,262,28,563,174,356,477,1544,170,11,134,156,61,30,774,121,766,913,110,61,236,184,36,26,302,255,132,3495,361,100,9,38,1389,36
57,2,20,68,246,94,17,31,36,27,10,40,67,340,43,12,45,20,4,108,93,3,88,81,59,58,7,85,8,318,414,122,248,42,73,34,94,40,3,68,110,48,39,19,74,92,9,131,61,544,30,132,28,231,45,33,83,9,25,54,8,21,10,49,41,25,480,27,895,186,79,5,18,10,162,75,244,104,95,15,166,91,21,42,83,5,124,13,277,122,66,99,5,9,18,115,289,85,51,23,121,20,151,41,138,12,292,21,260,28,117,116,51,90,96,9,218,480,8,32,21,113,79,8,19,7,50,49,62,19,79,116,124,13,86,8,47,50,20,84,280,36,449,45,96,32,118,93,17,8,137,53,63,83,83,486,90,118,17,52,50,376,70,23,478,115,95,475,22,41,25,97,59,53,170,122,918,16,1,70,251,108,20,128,64,61,92,12,193,28,70,229,31,139,16,155,22,193,5,20,224,19,10,212,29,92,35,34,54,206,181,55,285,41,7,6,130,371,5,97,59,65,41,12,33,19,54,203,58,25,153,14,14,44,6,19,28,42,102,136,35,22,178,93,21,16,235,21,15,52,16,67,16,56,31,71,21,89,46,26,104,404,13,242,91,14,26,8,213,11,24,9,140,32,112,5,4,25,85,11,12,29,192,7,36,96,239,41,111,33,88,41,341,134,22,68,31,345,13,146,14,29,38,27,39,47,228,34,81,60,119,137,100,86,128,76,140,85,36,7,199,126,32,54,11,13,5,28,16,48,20,9,22,72,299,18,22,4,23,56,12,41,25,15,28,29,6,11,461,36,631,22,14,94,29,90,141,92,132,31,124,136,14,23,125,14,18,11,83,51,15,64,9,46,9,84,54,14,24,19,85,43,16,36,331,24,255,264,19,19,106,12,37,88,124,89,21,9,32,76,21,119,30,106,343,8,157,147,18,39,42,56,160,6,120,76,41,14,8,107,10
315,1,17,130,128,34,41,38,14,276,38,48,257,1739,270,244,8,34,34,141,189,685,65,139,28,26,26,120,25,389,4,148,146,157,43,532,150,39,38,184,81,20,480,35,7,619,487,77,47,991,574,29,18,12,226,26,34,10,28,255,10,260,90,20,101,36,53,196,140,165,55,404,25,105,71,7,34,250,27,10,32,52,36,16,12,3,77,8,24,35,2,81,48,70,36,73,49,365,199,198,670,9,104,21,34,379,179,24,41,786,60,114,10,13,91,40,41,39,6,9,16,36,148,876,912,6,33,254,81,163,107,169,29,296,7,139,23,16,79,370,403,303,290,169,359,7,63,431,262,231,33,28,194,30,10,178,7,101,135,18,41,44,13,478,645,41,30,36,5,22,81,41,40,68,179,24,173,129,399,83,45,220,5,75,32,37,13,7,27,2870,163,134,91,3,88,37,8,47,19,28,154,11,766,36,101,25,142,90,174,122,16,15,347,181,6,21,213,78,46,18,27,20,109,354,22,192,90,27,32,48,196,97,3,178,91,31,57,81,69,126,64,27,936,30,4,33,12,41,69,0,18,200,188,28,219,32,108,79,80,76,103,24,738,10,24,287,89,331,96,211,317,522,31,15,143,241,33,326,39,10,313,26,41,137,304,107,126,882,168,120,40,30,87,267,62,34,214,134,87,62,252,17,129,33,41,4,23,37,19,9,2,46,389,262,185,39,41,71,288,102,20,140,3,732,4,150,313,40,473,238,22,33,158,6,212,66,1,157,160,42,12,94,34,56,23,209,640,226,424,139,178,12,422,28,36,45,8,62,309,43,12,99,12,2,152,115,15,139,23,5,91,30,7,10,173,49,30,91,182,6,36,170,223,299,32,8,28,17,30,121,61,6,98,21,32,373,143,46,7,41,11,1513,462,123,487,106,187,457,62,249,29,54,6,17,1055,77,185,123,33,17,395
227,146,0,60,15,109,18,56,125,28,21,180,53,17,0,184,4,18,54,14,89,110,4,47,28,82,224,39,1,104,14,37,132,45,137,6,22,40,72,29,59,39,173,25,52,11,147,53,2,5,184,93,26,67,95,62,171,40,90,86,19,38,69,0,52,123,39,3,33,104,14,111,239,117,74,71,48,34,78,41,0,482,101,4,68,39,10,240,218,145,17,17,25,67,69,253,57,9,79,130,4,343,75,11,237,118,26,16,254,129,10,30,14,69,4,126,50,148,28,80,52,112,85,150,77,18,82,10,117,98,26,63,29,139,1,233,49,5,91,6,75,283,28,2,11,63,46,1,144,145,68,24,83,24,106,53,80,19,45,181,72,177,24,25,82,6,50,93,351,13,72,30,240,31,190,161,61,88,92,9,28,15,21,181,72,126,30,5,5,1,30,174,76,16,168,213,7,4,35,82,113,61,225,45,42,28,152,17,58,456,70,15,16,2,47,168,3,159,162,179,41,48,108,100,47,2,3,67,56,48,46,58,50,185,123,91,61,47,15,40,68,9,29,20,81,284,191,69,34,0,181,3,152,11,181,6,49,9,111,71,6,10,105,480,23,161,312,139,60,80,7,140,121,58,23,139,74,107,206,231,184,72,12,101,17,10,12,97,25,1,75,114,11,3,33,111,18,42,1,3,260,28,25,47,37,67,23,230,17,113,74,36,0,63,16,29,75,18,69,151,17,70,33,152,21,76,137,20,41,63,202,22,229,141,1,4,20,160,105,28,33,46,43,21,1,3,162,118,88,71,92,227,236,25,4,30,76,140,287,46,15,37,23,33,15,96,70,87,70,76,28,51,74,128,148,207,58,322,79,484,133,294,142,71,71,267,5,303,182,114,403,23,36,56,114,29,101,43,9,9,43,9,0,13,8,101,33,37,43,77,65,3,5,34,1,57,212,175,119,12,164
4,1,20,24,13,2,0,1,1,13,3,5,7,846,28,7,4,90,4,9,4,1,12,63,30,31,0,188,1,146,2,98,75,119,79,8,359,1,7,32,247,3,13,1,1,18,3,2,2,51,4,26,8,7,7,0,10,1,0,146,2,19,14,5,38,6,56,36,2112,24,28,0,1,2,267,1,5,446,1045,346,2,0,275,3,0,132,26,1,4,304,6,0,0,2,6,137,7,37,3,7,2,0,11,3,12,5,552,309,23,5,37,50,3,4,16,2,194,128,12,176,3,1,3,1,7,14,5,639,92,4,613,4,7,2,4,2,26,95,1,9,236,10,13,633,58,5,8,2,3,7,1,245,12,1,9,6,47,68,5,0,94,5,1,129,148,13,1,18,1,69,10,1615,1,12,16,60,31,88,0,3,1,7,1,1,16,9,3,22,0,661,0,69,12,9,1,5,1,12,0,1,14,1909,4,23,5,4,63,0,4,7,208,113,45,6,0,2,70,1004,1,21,0,0,2,1,2,533,2,11,2,120,15,12,0,324,2,0,1,46,9,26,21,5,15,22,4,1,9,0,7,0,1,12,2,7,8,8,10,131,188,266,47,230,2,6,41,5,148,1,21,1,44,0,28,3,20,1,4,13,29,71,0,0,9,2,10,0,0,15,3,0,139,0,9,53,2,3,12,5,4,124,2,37,4,2,42,16,2,7,11,6,9,10,54,177,37,31,12,11,18,0,29,45,1,2,4,15,0,19,7,54,3,4,8,1,41,6,0,0,8,38,6,5,126,2,1,59,0,9,85,2,39,3,2,0,13,8,1,22,10,13,83,26,1,3,4,1,9,0,14,3,4,823,0,60,1,2,35,7,44,167,2,0,140,2,8,78,1,3,0,3,4,0,7,54,13,8,3,4,3,3,2,58,114,207,130,14,70,120,14,3,2,10,1,61,1365,1,10,0,0,0,3
80,6,8,6,19,1,0,17,5,31,25,17,12,211,6,31,32,21,0,12,11,55,17,12,10,36,5,7,1,19,19,34,17,27,5,38,29,3,4,52,16,9,31,7,4,28,30,6,22,33,24,16,0,15,18,5,6,5,5,33,0,31,57,17,2,29,28,8,125,17,0,34,13,42,21,2,3,29,13,4,7,6,10,2,3,3,101,4,2,12,2,0,5,33,44,53,6,16,23,46,22,18,13,34,18,41,30,2,17,39,9,37,4,15,18,1,1,9,1,22,9,11,12,28,18,9,9,17,11,57,12,0,22,51,21,45,24,11,15,26,37,60,4,11,7,11,13,35,51,92,13,15,18,7,12,18,19,13,52,1,26,11,14,39,130,16,4,22,3,8,19,5,10,5,5,21,62,5,20,4,19,9,17,11,42,149,11,6,22,9,13,6,19,3,41,16,11,11,13,10,45,13,35,7,2,34,96,20,19,3,8,6,53,17,6,24,5,61,19,9,7,3,15,28,17,10,12,30,1,13,28,21,1,24,75,14,5,15,1,3,11,12,52,13,2,9,85,11,9,4,39,10,29,8,62,5,10,20,45,41,45,7,151,13,8,70,18,39,10,20,10,26,3,2,14,16,4,8,2,152,12,12,9,45,2,3,11,131,10,7,6,3,14,13,48,90,17,12,7,62,135,4,3,16,9,9,4,3,4,5,17,43,57,10,16,0,9,10,10,42,3,4,19,21,9,12,41,70,4,17,9,10,82,11,42,13,8,61,12,10,12,4,7,24,11,3,48,55,100,23,46,8,119,20,6,12,7,23,9,27,17,99,9,17,33,10,6,9,11,2,13,19,5,513,87,29,14,2,18,3,6,55,1,0,6,14,4,23,10,14,13,6,16,17,11,90,42,4,7,0,1,3,26,11,15,3,2,26,2,10,9,17,6,7,7,11,112,51,17,51,31
16,2,2,20,14,0,0,3,0,22,2,1,7,404,36,6,1,93,1,2,2,2,3,24,1,0,0,21,0,669,1,6,16,2,31,38,0,2,0,44,0,2,3,3,2,21,0,0,0,54,0,33,0,0,7,0,1,1,1,9,2,4,1,2,0,1,5,8,96,41,4,0,0,0,11,4,21,38,9,15,2,5,5,1,4,3,13,1,15,82,1,42,0,1,3,11,1,10,10,15,17,1,13,4,2,0,239,0,15,4,35,32,3,0,9,2,21,10,0,25,1,0,7,0,19,1,1,10,10,1,42,11,7,0,0,2,4,1,1,8,210,0,8,5,2,0,0,10,4,0,0,52,19,0,2,38,18,29,0,3,3,9,6,4,15,4,0,18,0,4,0,34,0,1,7,5,25,1,0,1,5,8,2,0,7,6,1,13,0,4,2,15,3,0,2,1,0,3,0,1,25,397,0,17,0,3,27,0,2,8,6,3,69,21,9,0,48,0,1,3,1,2,0,0,2,17,0,1,3,2,16,9,5,5,0,1,0,29,1,20,1,0,18,2,2,3,1,0,3,0,1,5,0,0,4,33,5,8,11,0,9,13,0,19,13,1,7,1,13,1,54,1,8,0,5,1,2,7,6,124,0,0,7,1,4,0,12,12,0,10,2,12,24,34,1,0,25,10,1,232,0,7,16,0,2,10,2,1,3,7,4,2,7,26,19,17,11,2,4,0,0,12,1,14,0,0,0,6,5,18,0,3,0,2,2,1,0,1,3,8,1,0,3,3,0,0,1,0,22,2,36,2,0,0,2,1,0,1,1,7,3,10,1,1,5,0,1,1,27,0,0,74,0,2,6,2,14,6,2,0,2,3,0,5,4,1,1,3,0,0,0,0,4,14,11,25,0,0,0,7,0,102,4,52,15,5,31,23,1,0,0,11,0,2,386,0,5,4,3,15,0
114,0,9,10,7,9,0,6,0,35,12,11,16,40,5,1,2,3,8,11,2,1,11,6,3,1,2,7,6,36,16,26,5,1,1,11,19,6,0,15,35,9,1,0,1,19,0,0,1,15,0,15,5,7,1,9,3,1,3,349,1,6,0,29,0,1,28,10,18,17,3,1,4,3,15,5,55,9,9,7,11,7,8,4,1,1,64,8,103,32,16,13,2,0,7,50,121,17,17,4,66,9,14,4,14,1,72,14,8,2,8,15,14,2,49,1,3,25,0,9,2,4,3,0,0,0,5,27,2,1,13,7,8,0,4,3,24,3,1,74,13,0,3,26,1,10,21,79,1,0,13,11,2,7,3,21,11,2,52,11,4,39,7,6,13,19,6,102,13,5,5,15,4,1,10,8,128,4,1,11,13,8,2,2,10,36,8,0,1,151,0,0,33,0,3,2,0,12,1,4,20,9,0,0,0,9,3,2,6,6,12,10,16,9,4,6,8,58,0,2,14,3,0,1,5,16,1,27,6,5,18,5,1,6,0,1,4,12,19,8,8,4,47,27,1,5,6,10,1,2,0,8,1,2,0,27,12,6,14,12,206,119,2,18,11,2,8,0,4,0,3,1,6,12,42,0,3,10,24,1,2,2,11,1,3,12,10,1,1,3,3,10,25,203,10,28,15,12,6,62,0,5,4,8,0,0,4,2,96,2,8,4,11,18,40,18,3,35,9,2,25,6,9,2,1,5,0,7,1,9,0,4,6,2,74,2,15,0,1,3,3,20,2,3,7,14,2,3,35,1,9,2,5,47,38,27,4,3,34,3,9,30,0,0,43,4,1,12,5,3,7,0,0,5,1,2,4,0,0,0,1,0,0,7,4,1,5,28,1,0,16,0,10,14,92,10,0,2,3,3,2,12,3,73,12,0,32,7,4,2,1,13,10,0,34,2,6,1,1,38,1
2,8,0,2,1,4,2,0,1,6,3,0,0,0,3,11,8,5,0,6,8,18,10,3,0,0,0,3,0,2,0,13,1,8,2,6,11,3,0,1,2,2,25,0,0,1,30,105,0,1,34,3,0,0,5,1,3,0,1,23,1,5,8,1,0,0,8,2,18,2,0,14,0,33,2,0,3,42,5,3,0,1,0,2,0,0,105,0,0,1,3,6,0,22,4,3,12,1,1,0,0,1,5,1,3,20,458,0,4,30,1,1,11,0,1,1,0,40,0,0,3,0,1,1,14,0,0,3,10,129,4,0,1,13,0,15,18,0,6,2,3,66,9,0,14,1,7,0,25,4,0,0,17,0,0,15,1,0,2,0,35,6,33,6,10,1,3,162,0,1,42,0,1,0,0,1,10,0,14,0,0,0,0,1,6,6,0,4,0,0,2,0,0,0,20,0,0,1,0,0,42,1,10,9,0,3,7,2,24,8,2,1,33,0,0,0,1,1,9,1,8,1,6,25,0,3,0,1,0,2,3,0,0,1,13,0,1,1,2,1,1,1,3,3,3,0,2,1,0,2,10,1,17,1,9,0,0,0,13,19,54,11,35,2,3,20,1,2,0,31,26,66,0,0,1,5,2,2,5,0,5,0,11,10,0,0,1,63,8,2,2,0,3,2,0,0,1,37,2,17,45,3,1,0,2,0,2,0,5,3,3,3,0,3,3,5,5,0,0,22,8,0,1,64,0,0,17,0,3,6,1,1,64,0,2,0,8,10,0,0,2,5,2,1,2,13,17,30,9,9,15,0,106,0,0,19,0,0,1,1,11,3,0,4,6,12,0,2,0,4,0,0,3,0,13,0,2,3,2,0,0,9,0,1,5,0,0,12,0,10,0,0,1,14,8,81,14,0,0,2,1,5,2,1,215,2,43,8,1,0,3,0,1,0,2,1,119,33,3,0,9
12,5,5,10,1,7,4,9,29,7,15,1,5,26,0,5,0,8,7,8,19,39,4,8,12,8,1,7,0,7,3,2,18,38,1,24,18,4,0,1,1,2,19,1,4,9,21,8,0,14,9,0,1,96,6,3,10,2,0,28,1,8,11,1,38,2,1,1,8,8,55,13,0,11,1,0,0,20,2,37,6,2,4,1,10,3,8,0,1,4,2,8,1,9,7,8,4,3,18,21,7,1,7,5,1,45,16,2,2,41,14,25,3,48,14,10,1,1,2,10,8,4,9,66,13,9,16,10,17,20,13,14,10,22,9,21,3,7,12,8,3,10,3,5,8,11,3,3,48,6,3,6,25,5,1,6,3,8,24,2,11,0,0,212,49,3,20,1,1,5,2,41,2,7,10,2,13,5,11,3,7,18,5,13,5,1,56,6,5,13,0,3,11,1,6,2,8,5,32,26,16,193,14,2,29,3,2,10,12,2,1,2,14,5,9,1,2,91,20,1,0,0,3,17,2,3,2,6,4,22,70,8,3,7,63,2,0,9,5,15,13,1,16,1,2,3,13,17,4,0,21,4,5,3,14,0,2,20,2,40,14,0,26,1,2,19,4,16,8,11,10,8,19,1,0,9,2,7,3,1,4,8,4,11,3,2,2,24,4,0,1,0,7,10,12,30,0,11,5,10,4,2,10,2,11,4,2,3,2,15,1,5,11,6,7,14,3,3,9,16,3,89,0,6,2,0,15,1,6,7,1,3,40,0,0,8,6,33,4,8,8,4,6,2,6,9,9,12,12,14,3,0,30,1,1,2,1,25,2,8,0,2,85,0,1,6,3,3,4,0,2,2,1,35,25,22,61,42,19,15,5,9,29,7,3,7,2,0,0,5,1,1,1,3,1,15,40,21,8,4,3,14,12,40,7,2,2,26,5,30,43,22,0,10,26,1,14,5,13,0,21
48,0,0,68,185,11,0,0,6,46,131,5,6,52,1,9,14,3,0,37,34,0,38,17,12,3,0,18,1,25,83,99,58,31,2,4,8,0,2,84,13,3,17,6,27,111,7,12,10,29,10,0,0,4,5,20,9,1,8,1,0,4,2,9,7,3,17,13,112,64,19,1,2,3,95,22,2,19,1,0,3,22,8,6,22,0,37,2,128,0,2,16,4,0,0,13,4,42,16,21,19,1,31,90,0,7,86,4,149,5,194,32,33,2,97,1,5,5,0,6,10,104,41,1,7,0,4,130,15,4,1,8,33,1,3,0,1,1,7,133,106,2,72,10,11,39,5,71,7,1,5,5,9,0,2,226,14,62,1,4,5,64,77,12,29,22,7,58,2,10,0,1,60,4,4,0,642,1,0,94,1,14,3,1,42,11,18,0,2,21,1,13,6,3,9,0,3,46,3,0,199,2,4,0,25,14,3,0,19,50,11,4,119,397,1,0,90,10,0,4,3,10,5,2,1,0,10,10,5,3,153,7,5,5,0,6,2,20,36,51,3,4,8,13,0,8,8,7,4,2,1,13,1,2,4,156,0,8,30,17,21,7,0,162,33,4,5,1,58,2,7,2,34,2,12,0,2,12,4,2,1,5,40,1,17,4,30,14,5,8,0,3,26,36,2,3,160,18,6,14,3,0,41,0,11,1,0,4,64,0,14,29,345,16,95,36,6,94,23,3,26,73,8,7,0,3,1,1,5,18,0,2,3,4,9,1,1,6,2,20,24,0,20,0,7,3,3,5,87,13,1,4,1,4,13,6,0,0,2,19,81,135,9,0,18,2,12,2,11,0,1,0,5,0,8,13,2,2,4,5,8,8,2,30,14,6,2,35,0,2,12,1,26,12,27,62,3,20,2,20,0,23,5,3,0,2,81,81,4,7,1,70,3,1,11,5,11,1,0,13,3
7,4,5,12,53,24,6,14,3,36,2,21,54,186,93,10,7,26,29,16,16,1,9,19,12,14,11,50,13,49,47,42,31,20,10,38,13,14,8,49,39,3,9,25,5,17,5,8,10,48,10,63,10,32,6,12,53,37,3,62,3,55,8,20,5,6,123,59,126,18,16,0,12,3,27,11,57,37,44,44,38,18,45,4,10,16,21,2,32,20,11,20,5,2,2,57,28,47,16,3,73,10,13,28,26,8,174,25,18,9,22,31,10,6,73,19,45,138,7,64,2,15,29,2,8,35,37,84,7,5,111,11,29,6,6,2,83,1,2,59,42,2,11,54,28,43,45,9,2,6,12,22,11,20,17,66,23,16,14,9,88,16,23,54,93,30,39,168,10,22,42,174,10,7,8,19,52,30,1,17,10,39,9,10,47,7,7,64,9,206,40,70,9,39,6,12,4,39,1,45,37,129,4,31,6,60,35,46,14,35,38,13,27,46,3,7,19,47,0,28,11,6,5,4,7,123,7,27,46,21,28,15,8,68,6,8,17,15,8,16,3,4,48,209,28,12,13,14,2,11,4,29,4,20,12,30,20,151,80,15,109,64,7,19,32,7,83,8,36,6,117,1,14,20,29,3,3,61,59,4,4,8,47,0,9,22,26,19,5,8,2,9,71,192,10,15,17,24,5,97,3,55,2,3,11,13,58,17,58,18,8,17,26,79,66,7,5,24,17,3,32,37,26,7,10,4,3,48,10,7,26,132,9,15,108,12,10,1,19,14,24,105,19,5,9,47,0,7,143,5,122,10,6,23,69,34,6,11,7,6,22,79,10,17,80,6,15,49,20,7,26,140,9,43,3,5,52,9,38,11,1,11,11,22,18,23,26,33,6,3,18,9,22,18,50,11,5,14,14,12,1,111,21,28,71,34,8,21,31,6,5,16,20,8,238,20,10,1,2,56,0
1,1,7,12,30,21,2,2,4,8,8,2,6,20,36,1,7,14,16,7,21,5,7,3,5,3,6,5,2,2,4,0,9,15,6,0,9,3,22,7,3,6,3,19,1,5,3,4,6,9,2,7,56,10,3,10,10,2,4,6,9,1,3,36,5,0,28,25,109,14,3,5,7,2,125,22,4,4,90,15,15,5,17,4,2,23,21,2,23,5,4,24,5,0,1,7,3,13,5,6,18,6,15,3,13,3,10,10,15,4,7,4,2,5,8,24,78,8,0,19,3,3,12,14,5,3,24,27,6,3,22,4,10,2,24,1,34,2,1,12,0,4,5,18,25,9,14,2,1,5,34,8,7,6,5,16,18,28,81,14,2,31,5,26,19,41,3,78,4,3,10,21,25,0,2,10,3,20,1,11,19,22,4,3,5,2,22,5,11,3,8,11,6,4,2,3,3,45,2,41,8,17,1,6,13,33,9,3,9,27,1,3,11,1,1,1,14,21,0,6,11,2,3,6,9,14,5,3,4,8,3,10,9,3,3,1,3,0,5,7,7,7,16,51,1,9,30,11,1,7,2,13,1,15,3,23,37,20,4,6,9,52,4,18,4,1,8,4,3,0,1,1,16,7,0,1,3,4,3,4,3,27,4,0,5,21,8,5,8,3,8,54,0,12,17,18,6,11,5,2,2,8,4,4,6,4,16,2,12,3,17,16,3,5,6,3,10,2,4,2,40,3,30,2,9,7,0,10,1,0,7,61,4,42,5,2,5,2,6,14,34,12,1,8,13,2,1,0,7,3,1,2,4,8,13,14,9,15,3,9,25,28,6,18,3,4,6,2,16,12,7,56,4,11,4,3,4,9,2,7,0,2,2,17,7,4,6,77,3,2,10,46,7,4,7,27,1,1,31,19,13,20,1,6,2,4,5,11,8,4,7,2,2,8,5,8,1,1,7,15,7
21,0,18,21,19,26,0,3,10,10,1218,69,193,53,11,2,14,9,335,11,13,2,19,14,2,11,1,14,6,14,26,54,14,25,3,48,18,3,2,18,32,162,11,1,29,10,0,10,1,28,6,191,15,4,100,2,2,2,36,12,27,4,6,16,8,32,13,10,471,38,5,0,1,6,27,7,487,19,189,10,20,9,16,27,4,28,24,1,34,16,7,11,65,6,309,12,855,7,3,3,9,12,13,22,19,4,82,12,21,15,90,37,7,1,48,52,4,229,28,13,3,29,12,6,4,3,26,23,6,8,13,13,12,4,4,1,5,3,2,25,30,16,31,10,40,21,9,22,7,2,6,14,8,4,14,35,14,18,8,20,34,32,14,7,22,13,4,35,3,5,254,10,16,11,10,39,32,34,6,11,99,8,170,1,8,8,9,4,2,10,6,6,2,5,6,4,2,8,3,3,23,47,1,11,5,15,1,3,5,13,5,13,36,18,21,374,37,14,1,1,4,5,4,1,139,13,5,336,3,5,17,118,141,313,5,134,1,13,11,15,242,11,45,30,7,139,14,42,2,4,4,11,4,7,6,14,30,17,8,2,34,90,3,22,12,3,9,2,14,7,4,0,16,16,7,1,336,27,324,3,6,5,4,4,13,18,16,10,15,8,10,77,4,15,69,28,34,15,37,43,0,16,7,14,6,4,154,230,34,13,13,42,1009,39,60,44,1,190,24,6,20,18,9,3,69,343,3,3,13,12,261,12,5,135,29,610,15,1,360,22,12,2,2,3,8,10,2,3,24,18,62,97,6,97,28,18,5,3,10,85,56,62,0,17,7,61,2,1,7,0,259,9,5,0,3,20,4,3,6,3,3,5,5,29,3,1,3,74,168,2,19,12,7,33,655,275,5,4,2,26,18,31,28,9,7,2,53,31,2,15,11,2,5,0,62,4,5,6,2,49,3
2,2,0,8,1,0,0,1,0,5,0,71,1,457,147,36,0,21,1,0,2,4,193,16,839,742,1,434,135,276,3,0,198,0,86,0,302,20,97,10,2,23,2,2,0,51,1,2,0,1186,1,300,0,8,0,2,1208,11,0,551,0,139,47,6,5,1,0,89,1194,0,50,0,0,0,2,57,26,665,116,337,0,15,1003,2,5,97,10,54,0,100,189,11,1,4,0,461,468,0,2,0,0,1,0,4,2,0,1299,288,1,9,2,316,0,382,5,561,280,435,1,58,1,0,46,0,17,205,0,2,149,1,286,0,1,0,0,0,128,419,0,4,246,0,3,213,184,0,1,8,3,0,0,949,6,1,69,0,168,585,218,0,0,0,0,15,262,3,0,2584,292,218,1,478,1,0,2,380,0,1003,0,13,4,2,260,2,432,704,1,739,135,394,1,507,100,0,0,1,0,0,196,1,0,264,2,68,1,407,5,20,3,0,11,585,276,0,3,1,101,917,1,407,0,27,1,1,0,343,12,0,38,228,1,1,3,249,0,0,208,483,6,37,0,0,9,4,92,0,1,1,29,1,1,2,3,0,0,0,400,364,510,720,0,277,1,4,1,0,972,1,195,0,186,0,1,1,6,0,0,493,297,61,1,0,0,1,0,0,1,1,22,0,47,0,336,700,0,46,1,1,4,1743,0,0,0,0,45,68,593,80,3,119,0,1,49,809,18,5,221,4,0,0,5,42,2,0,0,53,0,1937,0,309,57,18,2,0,0,8,0,0,6,123,4,525,350,243,0,1,0,0,131,0,613,0,0,1,14,2,0,36,6,108,0,1,4,7,0,11,0,0,496,2,0,276,49,1304,2,20,226,19,611,1,2,0,20,0,311,99,13,5,2,0,1,0,1,741,258,147,0,1,1,3,1,0,11,376,136,109,0,10,103,0,0,272,0,228,529,2828,2,1,0,0,5
3,28,0,1,1,1,0,0,0,0,0,0,2,1,0,28,1,0,0,5,2,33,3,2,0,0,0,1,0,0,2,14,2,2,0,1,2,0,0,6,1,11,11,0,0,2,69,0,0,26,10,29,1,0,0,0,6,0,1,16,0,2,0,1,0,1,1,0,4,2,0,15,1,27,3,1,8,1,16,24,0,4,0,1,0,0,1,0,0,0,0,10,3,14,1,0,4,8,3,3,0,0,0,0,1,19,601,0,2,38,0,5,3,0,3,0,0,37,0,1,1,1,0,25,11,0,0,3,4,108,2,1,0,99,0,16,0,0,11,9,0,25,31,0,0,1,0,0,28,61,0,1,0,0,0,32,0,0,4,0,0,2,1,0,2,2,0,2,0,0,0,7,1,1,1,0,1,0,15,1,0,0,0,0,3,0,0,1,0,0,0,2,0,0,14,4,0,0,0,1,2,6,48,5,0,5,9,0,6,2,1,0,1,10,9,3,8,1,19,0,1,0,31,71,5,0,0,0,2,3,1,0,0,0,24,466,0,0,17,2,0,0,1,1,0,0,1,0,2,2,32,0,27,0,81,5,0,40,29,70,0,3,56,0,10,56,3,14,0,14,200,19,0,0,0,9,0,1,6,0,22,0,1,15,0,3,0,19,1,0,1,0,405,5,0,0,3,13,1,0,59,1,0,1,0,0,1,1,0,1,2,13,28,1,0,3,2,4,68,33,2,7,1,3,18,0,11,5,4,1,0,0,106,2,3,2,0,40,0,2,1,1,0,0,0,0,42,39,2,0,273,0,47,0,49,1,0,0,1,3,1,9,1,0,0,0,2,0,1,0,1,10,1,2,13,3,0,4,1,1,0,5,0,1,1,0,0,1,0,19,0,0,1,3,15,78,12,0,0,2,0,1,0,1,0,0,3,6,1,0,0,0,0,0,0,1,40,32,0,0,15
275,6,103,847,1550,1418,351,401,381,556,139,868,513,4147,1820,160,576,519,1129,235,1613,24,402,1131,261,434,139,1425,337,938,5979,997,1360,86,1367,416,609,690,25,878,1159,47,86,169,320,1279,24,48,239,2353,428,745,221,731,46,952,491,700,54,2741,186,617,192,801,198,80,3445,1437,2421,1055,506,5,60,12,1873,703,921,370,1194,915,2185,628,519,312,546,475,375,210,1758,1464,545,380,117,7,16,1095,466,1375,1804,29,734,207,939,577,565,25,4283,390,550,23,346,443,342,628,4202,382,1191,1495,123,950,29,3950,863,11,42,610,1473,732,678,10,2047,542,3809,21,178,11,3102,1029,50,2599,1089,302,2117,5371,2396,2859,484,1597,39,12,595,427,219,2448,208,1135,415,642,559,762,1002,1319,664,619,2861,1416,1475,3243,61,1166,2837,5701,307,389,788,269,1828,722,19,482,304,1752,217,895,521,73,1389,1641,108,1568,894,1298,492,1610,54,2336,387,2626,271,3645,2317,2004,5,641,33,2290,481,1315,516,477,830,519,522,977,73,33,242,3491,3,174,140,2757,53,80,663,2282,452,780,2046,1012,569,526,51,764,17,178,335,1402,154,1044,33,395,2301,706,624,113,302,361,209,1162,115,1737,17,334,83,480,459,4132,1198,531,3823,1030,34,1197,780,8,1907,16,1299,104,498,53,733,816,265,8,198,543,954,129,20,203,759,5,447,285,1097,152,1945,304,301,91,1705,2294,320,245,273,1561,32,647,9,182,446,30,2372,303,1294,167,3084,1587,3095,819,677,745,545,831,1324,1052,1557,15,1860,1648,980,32,85,66,10,1374,834,586,351,3150,39,604,5960,107,412,8,268,471,1906,1150,375,7,204,464,11,187,1702,121,1318,313,28,854,1477,857,1200,608,401,734,2552,3944,135,863,1166,66,673,1065,735,251,156,2081,107,924,62,81,881,67,511,612,1666,780,602,873,434,274,510,1204,342,228,1058,573,719,602,458,238,26,695,254,578,77,3003,90,1710,1237,180,188,1385,348,89,127,657,380,192,1536,1019,119,4,45,2450,68
197,416,224,309,349,175,136,222,258,561,246,544,332,757,289,541,137,279,155,143,223,270,163,235,1679,824,91,352,48,320,276,361,312,638,247,305,299,181,502,217,180,202,969,119,132,337,344,170,318,710,712,133,267,765,448,109,1214,107,148,448,379,498,230,125,952,355,327,226,457,291,161,409,406,1264,288,156,155,591,207,296,157,205,611,68,291,88,221,163,153,539,60,70,78,392,548,1341,179,288,293,946,175,316,309,93,646,782,347,102,196,841,276,204,105,662,296,158,245,545,127,666,205,193,159,205,94,285,125,565,759,1353,133,143,257,1454,360,1589,169,117,378,295,209,1451,205,320,157,90,133,374,466,912,335,325,332,283,212,478,545,349,208,95,175,220,67,224,233,160,661,378,226,192,501,399,170,620,101,215,440,779,496,224,362,230,724,312,1750,1125,231,264,191,265,163,580,176,251,1228,370,131,176,285,449,245,301,1156,211,150,411,492,605,397,219,327,315,347,249,84,368,246,934,771,723,106,118,594,500,509,311,65,453,238,286,230,207,378,195,980,173,239,179,161,170,225,120,95,185,293,125,480,355,307,91,768,214,686,481,1151,135,198,574,1127,902,295,176,401,135,245,1291,1267,517,364,423,197,721,408,121,121,315,234,90,91,429,514,685,214,406,175,53,158,479,386,104,229,200,250,428,386,752,527,346,53,300,1052,151,248,180,564,261,205,1431,204,696,313,365,802,303,352,256,204,257,396,864,256,375,162,857,198,165,431,451,139,489,242,1347,1538,321,331,197,100,1330,669,184,111,363,270,203,71,39,505,586,417,716,220,190,1157,260,184,196,266,358,584,317,153,496,245,151,263,237,233,196,282,78,125,587,333,143,338,880,913,276,249,768,89,705,151,128,250,293,135,183,607,566,173,59,118,819,183,405,479,413,207,125,337,353,290,122,136,731,313,341,245,329,597,279,108,235,497,143,895,1579,567,337,596
13,50,0,32,2,0,1,0,25,1,0,4,0,32,5,58,1,8,0,1,2,23,13,0,9,12,0,17,0,29,7,10,11,1,6,3,19,1,0,2,0,4,28,13,3,0,31,0,21,29,75,12,0,2,21,0,32,0,2,12,0,17,14,0,17,6,0,2,20,21,1,87,5,14,2,0,9,15,7,4,2,8,19,4,1,0,16,1,12,16,0,3,4,6,2,21,4,7,5,0,1,0,1,1,37,109,76,0,1,16,4,10,2,3,2,1,24,52,0,8,0,0,2,40,7,26,1,11,9,22,3,14,2,39,0,3,17,0,26,14,15,28,1,16,0,0,0,0,16,4,1,65,11,0,1,4,6,43,0,0,6,1,4,5,8,1,37,2,0,5,253,51,9,0,1,37,7,9,33,14,2,0,3,1,28,9,0,7,2,0,1568,31,1,1,70,0,0,2,0,1,2,13,16,8,0,0,10,1,9,26,0,6,5,1,0,363,39,19,53,12,0,2,2,21,1,24,0,1,0,27,0,0,2,4,38,6,0,19,40,0,3,2,0,4,0,0,0,6,1,0,11,0,38,15,86,0,3,15,37,3,3,12,4,0,2,14,7,74,3,49,16,60,76,0,17,12,2,10,11,12,15,0,0,11,3,0,0,7,0,0,6,7,15,17,0,88,10,2,3,145,1,2,1,0,0,4,4,0,1,0,27,2,4,17,1,15,0,1,18,60,2,63,13,2,0,2,129,16,0,30,0,2,71,3,1,0,19,44,51,3,8,7,47,2,3,10,1,151,28,72,38,0,3,0,9,0,0,1,2,5,0,17,0,0,0,1,3,9,6,1,6,38,0,12,10,19,3,3,18,2,0,2,0,0,4,1,5,2,13,17,0,0,0,9,45,5,68,6,2,3,1,10,7,10,12,40,30,13,9,15,28,0,0,12,0,7,10,24,0,0,6
131,6,54,35,92,23,17,91,38,126,86,557,156,602,199,26,25,40,156,99,36,19,42,23,45,61,22,195,25,143,197,147,43,193,9,168,100,25,13,2542,183,106,32,39,16,120,20,47,39,365,88,133,58,92,30,210,214,118,77,137,29,350,22,76,60,132,341,130,312,30,46,3,26,20,192,64,241,161,125,321,218,49,238,131,27,46,65,2,67,74,36,26,76,11,44,203,57,191,47,21,136,40,60,110,188,42,571,61,51,39,73,103,71,46,456,49,70,346,36,169,21,90,50,21,18,112,84,281,60,20,316,22,104,10,70,13,171,43,19,307,135,43,69,423,87,142,61,257,29,13,89,59,28,146,35,133,174,95,104,10,119,92,55,133,122,113,223,914,35,35,166,723,10,91,41,85,154,142,13,74,69,176,82,30,191,15,36,544,29,195,160,159,43,149,25,47,19,120,35,367,95,597,21,40,26,187,67,381,58,93,66,57,118,464,24,33,65,230,8,116,17,30,27,14,141,345,15,118,174,100,87,107,26,169,13,63,122,48,66,47,62,42,205,94,73,27,56,178,10,37,13,275,17,77,47,49,43,530,186,282,502,128,21,62,60,27,442,18,75,19,162,26,36,103,43,13,57,265,68,64,12,84,51,9,24,27,68,68,67,38,20,62,121,759,33,78,191,173,14,366,25,46,14,49,70,147,257,188,158,56,71,40,120,217,135,42,29,185,235,27,399,99,83,27,155,18,9,379,32,37,119,558,30,84,302,45,52,11,66,44,64,280,121,23,66,53,12,33,107,68,309,53,23,122,160,223,18,145,45,54,137,718,30,15,95,17,56,130,117,19,32,328,24,178,10,108,212,6,134,101,10,77,51,112,44,83,103,65,175,36,169,35,120,162,167,79,19,55,45,63,32,255,76,119,88,97,44,82,107,19,25,46,66,36,323,69,62,15,53,386,21
9,12,248,2,18,6,0,141,26,8,26,108,0,0,0,38,9,3,0,36,26,160,74,5,28,40,5,11,0,1,10,0,3,79,3,3,3,6,0,6,14,136,125,3,8,3,132,23,21,7,87,2,50,2,127,23,22,2,5,0,7,40,78,39,100,16,15,17,247,14,3,64,7,111,16,2,0,1,62,1,0,1,3,48,1,2,20,3,2,2,2,5,4,55,38,3,2,9,8,50,1,22,3,27,40,46,21,3,12,99,7,3,31,2,13,2,10,12,3,2,32,2,1,59,23,0,36,15,16,286,3,9,1,120,43,97,3,24,25,13,22,104,12,8,3,2,3,5,120,68,2,14,13,0,2,71,5,5,24,4,3,7,2,7,1,1,2,7,0,0,6,11,3,7,2,5,64,2,46,4,3,3,31,10,67,10,5,2,11,94,4,5,3,1,120,0,8,8,7,24,5,2,102,13,62,3,8,68,30,5,2,5,42,0,3,6,5,3,71,20,2,1,95,73,81,0,0,9,1,10,9,4,19,1,91,21,2,7,13,8,29,4,8,4,0,1,164,16,14,0,78,3,102,21,134,4,0,5,29,13,5,3,223,2,11,115,13,40,3,49,3,84,12,1,1,13,10,1,4,4,12,23,7,85,8,0,6,101,14,1,8,3,1,2,73,109,7,24,0,1,184,3,7,2,4,3,12,4,6,5,4,28,0,0,5,27,1,14,30,63,29,6,4,121,53,0,17,31,8,11,21,21,260,4,0,13,8,128,11,2,5,1,17,12,1,0,141,82,4,60,2,20,203,15,12,1,0,33,14,20,3,98,19,0,3,22,4,0,19,0,1,0,13,32,160,74,26,16,7,6,2,77,2,0,2,2,3,3,29,12,8,3,1,3,2,150,52,0,0,26,21,4,1034,1,3,12,49,20,4,7,70,0,14,5,26,9,307,93,41,5,82
0,3,2,1,17,8,0,2,1,41,1,1,11,6,0,16,3,0,0,12,1,24,4,4,2,1,0,2,0,6,0,0,2,2,8,38,3,1,6,4,4,3,28,0,0,0,14,2,4,12,16,9,6,0,8,0,0,0,1,1,0,3,0,3,7,2,6,3,18,9,3,1,0,15,2,2,0,24,358,0,1,0,2,2,0,0,2,1,5,0,0,0,0,14,7,11,1,7,4,1,3,1,0,4,4,27,144,1,7,19,0,0,11,6,5,0,0,3,0,0,2,0,0,8,5,1,3,20,3,17,1,1,0,27,6,7,0,0,17,7,6,19,61,0,6,0,4,1,9,6,0,0,4,0,0,19,1,0,7,0,1,3,0,8,13,85,3,6,0,0,1,2,1,8,2,1,8,3,4,0,0,2,1,0,2,2,0,0,0,34,8,1,0,0,14,0,0,3,0,1,2,1,7,0,0,0,7,2,10,6,0,1,14,3,0,0,17,2,4,0,0,0,4,7,4,14,0,3,2,0,6,7,0,9,11,1,0,1,15,2,0,0,0,1,0,1,32,4,0,3,11,2,3,0,22,0,0,13,1,5,1,3,8,1,0,25,0,2,2,13,11,6,0,0,1,3,0,5,3,0,0,1,4,5,7,5,7,22,0,2,0,1,3,6,4,0,0,8,2,1,17,5,0,0,6,0,2,2,0,0,0,12,851,14,159,2,6,1,2,16,4,3,1,16,0,0,4,1,17,6,2,6,17,1,1,1,0,7,5,1,9,4,1,1,1,0,4,11,676,10,1,0,20,2,2,16,0,10,1,1,0,2,0,0,0,0,0,0,1,0,3,1,1,0,9,5,1,0,4,1,0,16,0,16,4,2,0,0,0,15,1,0,2,5,1,19,3,1,2,9,0,2,9,0,4,0,2,9,0,0,0,0,0,2,6,2,14,9,0,0,6
199,38,165,244,40,27,23,128,97,71,121,331,47,520,446,53,113,89,151,141,167,51,218,162,210,449,121,157,230,91,625,254,249,169,79,428,238,49,26,23,236,163,50,24,142,67,27,105,117,79,31,51,45,289,90,127,131,36,89,237,79,35,93,84,111,125,224,13,410,185,150,27,82,61,117,382,53,78,232,465,392,211,235,400,74,222,156,85,515,210,219,144,102,31,86,166,34,113,209,118,479,106,160,100,200,22,159,487,300,100,153,113,25,157,111,114,94,187,31,135,92,457,257,35,31,190,72,314,110,59,242,94,835,69,43,50,122,75,14,210,165,65,216,1557,501,531,36,14,50,53,161,143,77,58,132,191,156,28,89,195,174,198,39,80,110,99,130,365,113,191,841,117,369,55,267,98,75,171,51,570,149,101,258,106,46,232,183,24,52,98,331,169,49,308,22,207,156,345,20,462,144,382,27,131,77,101,85,259,251,364,214,127,167,47,28,99,166,396,29,38,27,394,36,59,298,370,171,168,217,303,120,136,86,181,12,37,19,120,232,181,154,280,303,265,20,71,147,136,77,366,46,310,30,173,42,46,224,223,203,109,328,39,8,414,269,37,188,8,286,20,44,34,271,279,18,4,138,161,171,44,18,315,4,23,268,50,278,58,179,359,77,86,167,52,73,181,53,107,127,21,83,64,242,37,144,120,28,296,308,33,681,331,23,168,65,259,236,354,88,37,192,451,177,14,316,80,10,349,55,130,256,586,44,127,912,139,160,22,253,360,56,78,39,37,96,73,8,39,212,146,129,213,47,320,247,219,192,122,116,153,105,50,95,102,87,71,128,340,38,103,21,559,142,313,88,291,136,70,159,196,435,25,176,314,176,83,201,121,166,17,45,499,239,194,88,168,50,188,28,194,30,798,27,176,14,32,53,68,103,67,47,355,32,70,23,83,99,56,145,18,40
37,8,71,23,58,7,14,27,19,55,25,16,101,179,66,155,49,11,5,31,68,281,11,28,60,45,9,17,1,25,13,53,39,76,9,163,64,43,8,49,37,15,243,0,5,24,44,23,39,126,246,20,40,13,59,12,16,7,9,19,8,35,83,16,53,13,54,24,36,51,11,18,2,111,11,9,21,47,34,11,22,8,14,12,5,5,105,5,9,4,11,0,15,51,68,29,11,47,38,85,35,10,46,28,22,120,44,6,46,313,98,36,37,7,37,6,7,58,3,8,10,5,12,70,60,5,11,42,53,164,14,9,28,152,15,62,8,3,40,31,81,199,42,40,18,6,33,31,50,93,13,9,90,11,7,62,16,14,26,7,23,57,11,39,177,14,10,35,3,12,45,25,18,13,28,10,149,34,81,51,16,39,11,21,69,95,10,10,3,410,137,55,14,2,110,8,20,46,3,9,118,26,34,9,18,22,41,24,114,34,21,10,100,80,24,4,16,29,25,9,4,10,121,66,39,70,16,36,20,23,68,24,7,32,60,13,14,9,48,22,15,22,46,22,16,21,19,28,7,0,49,29,94,31,147,17,16,36,48,44,65,16,303,27,15,153,26,84,42,92,38,239,9,21,17,27,9,10,11,8,54,7,52,49,34,5,28,255,35,14,14,27,13,95,3,18,47,84,27,29,224,10,12,12,26,7,15,13,17,10,14,49,102,81,108,14,15,28,55,96,21,29,7,145,16,41,42,18,77,40,32,15,176,5,62,31,2,84,41,17,21,13,18,16,11,14,129,122,74,94,31,6,184,8,7,23,1,25,50,23,16,147,12,4,87,13,6,25,32,2,19,6,14,27,69,39,14,5,61,15,8,78,5,28,26,10,3,30,11,59,18,3,17,16,17,190,55,12,8,26,7,73,194,29,162,21,54,116,19,37,17,25,10,7,87,18,296,104,54,12,136
2,3,12,6,21,6,0,222,0,2,2,0,2,1,1,59,6,0,0,21,5,11,0,1,7,65,0,5,1,0,7,3,5,85,1,2,0,0,22,7,13,0,30,18,1,4,34,35,0,11,39,0,1,27,16,6,52,23,0,22,2,3,59,25,20,0,41,14,1,3,1,26,8,23,7,0,1,0,1,2,1,0,11,74,2,0,11,1,0,1,0,1,0,23,1,4,1,4,4,45,1,0,2,1,27,71,20,1,5,24,1,0,1,1,67,0,0,1,1,0,105,0,1,30,12,12,6,0,26,10,0,1,1,29,0,16,0,3,29,47,3,57,8,0,2,93,2,4,15,16,0,7,3,0,12,3,4,7,3,0,2,24,2,20,7,6,9,0,2,62,1,7,1,2,0,1,5,1,19,3,3,2,1,0,3,12,238,1,0,2,7,3,14,0,38,0,60,2,0,2,4,13,17,3,83,48,4,20,37,3,1,0,4,2,0,0,1,5,6,6,0,3,10,18,0,2,23,0,26,51,57,2,1,7,30,0,1,11,5,0,0,2,31,2,0,0,1,1,4,0,26,1,22,17,15,49,0,5,1,3,0,1,34,3,13,26,1,17,2,10,2,54,62,0,0,18,3,1,1,0,20,2,2,22,12,6,3,10,2,0,0,0,1,1,2,153,3,3,15,1,2,0,2,0,48,1,1,1,25,1,2,111,2,1,7,282,2,13,1,28,112,1,6,16,0,0,23,0,3,8,1,0,31,0,20,0,1,14,1,36,2,2,0,26,0,4,6,49,2,49,3,0,25,3,1,2,0,277,0,2,31,6,3,10,0,2,0,19,0,3,0,0,29,9,10,17,14,139,13,0,42,59,2,9,2,0,1,4,0,30,6,13,1,4,0,19,16,1,10,16,0,4,5,0,4,0,12,20,3,13,1,11,11,3,4,37,13,26,168,2,12
127,7,59,97,526,317,171,87,61,610,78,485,1122,2185,872,37,99,420,319,92,189,28,153,156,194,331,144,791,56,302,518,303,459,165,82,415,201,104,21,479,568,49,69,151,47,322,19,66,166,992,170,355,93,313,24,332,715,484,27,808,49,374,41,411,96,44,1253,767,372,123,48,14,77,31,622,99,998,423,428,417,231,140,509,288,118,92,171,31,209,217,87,214,49,18,82,606,220,413,143,52,655,60,224,611,330,38,1461,375,299,88,94,463,245,120,1548,169,618,721,49,517,111,205,194,15,14,264,294,809,148,44,1222,54,555,40,104,22,559,81,22,655,487,87,174,1334,394,450,469,575,22,24,467,264,89,510,118,496,230,417,165,103,457,283,211,596,570,524,460,1361,61,199,335,3674,154,218,108,213,546,260,38,308,199,542,106,198,507,68,101,820,32,2438,621,1312,219,396,72,203,55,557,98,1380,521,743,20,252,68,1295,219,504,97,225,595,171,344,428,61,50,110,599,8,223,182,63,41,17,293,1590,36,178,907,212,238,237,35,471,46,135,350,131,88,155,79,92,566,922,284,85,162,150,39,173,44,423,51,403,91,77,59,2257,987,321,1100,548,52,206,341,40,899,24,324,37,442,38,115,488,274,16,31,333,302,112,23,154,369,15,127,117,184,109,166,98,44,144,798,2690,174,94,87,549,35,1940,36,277,42,47,193,275,707,205,590,231,231,228,319,1004,514,25,184,700,440,37,793,294,490,56,156,83,21,491,197,138,221,783,65,131,824,95,60,23,194,98,439,1096,300,13,53,180,17,121,737,104,581,38,47,432,557,516,173,224,71,144,191,793,86,106,871,59,185,245,192,119,182,874,50,668,16,108,479,69,607,170,33,123,108,418,163,267,336,456,210,45,435,148,273,324,375,105,19,204,319,121,21,574,70,231,728,230,60,237,200,64,43,293,320,148,2516,321,93,25,29,660,23
1004,42,60,345,2175,809,107,217,103,652,267,734,440,12984,2267,139,1987,562,254,666,594,285,2192,179,603,494,66,898,260,576,167,2043,1680,596,374,290,802,318,18,504,1124,325,200,227,74,274,284,76,281,2537,205,736,152,241,131,729,730,555,51,2642,82,165,553,1756,374,535,1561,1078,1754,536,882,105,211,121,633,313,726,808,831,1366,484,947,1179,147,90,394,658,76,273,575,778,109,139,69,60,1606,744,766,134,167,1052,316,219,412,423,140,3069,762,318,198,778,507,357,912,2536,1192,1759,1596,107,426,131,154,596,183,123,278,1320,1769,293,230,1864,200,3191,222,155,91,711,175,60,709,776,217,237,5550,608,753,464,1129,151,141,658,398,250,537,229,1195,323,320,344,49,997,478,163,453,963,997,585,3953,146,571,1010,6334,319,184,160,1026,1298,1177,99,976,333,574,161,251,1568,532,553,1169,109,836,963,891,534,183,142,710,275,941,604,646,1194,2468,97,2513,132,2262,344,352,386,190,342,1534,490,572,134,44,221,954,75,362,366,320,183,144,1776,790,411,444,801,315,684,121,30,786,95,89,464,515,536,241,98,230,3433,210,537,53,258,166,167,72,113,907,96,548,199,548,1062,2512,2316,676,3111,2300,251,523,1009,203,1602,125,1330,111,1131,125,370,637,562,14,49,1119,305,375,52,332,370,101,558,210,3096,351,841,198,270,26,765,3621,252,611,1981,1445,59,821,258,501,212,58,222,310,1104,509,681,510,3659,1899,2749,446,653,636,357,2440,709,136,1322,1821,526,304,65,88,68,1205,196,190,520,1850,297,271,1473,65,427,109,182,959,265,1378,498,57,113,635,100,152,974,139,2555,104,384,1899,1075,909,462,652,165,361,1132,2619,197,223,1025,126,364,727,174,306,205,1508,152,4139,318,349,464,92,823,503,453,194,855,367,300,555,2592,760,275,106,988,252,335,1375,836,501,108,243,112,350,270,390,319,1295,1483,119,407,479,107,148,113,2064,472,967,648,248,405,100,101,1200,193
7,21,72,3,93,5,1,5,7,9,3,3,1,5,0,28,5,0,2,16,11,263,5,6,10,8,0,55,0,1,23,2,2,55,2,2,1,17,0,7,5,1,84,0,11,4,159,2,17,10,131,3,2,0,17,5,3,6,3,4,0,13,36,5,3,2,61,3,7,4,6,106,3,32,4,10,1,10,4,5,0,3,7,1,1,1,11,0,3,2,5,0,0,56,5,46,2,8,7,499,2,4,3,1,4,179,17,2,4,41,33,15,7,4,8,4,2,3,0,6,1,2,0,66,12,1,15,12,9,256,7,1,2,191,5,43,17,0,38,9,12,108,6,10,1,6,5,5,84,45,5,6,23,2,2,36,3,3,3,0,15,21,1,5,8,3,5,8,3,0,5,2,6,3,0,11,17,1,17,35,10,1,3,0,15,5,4,3,2,103,10,29,3,2,63,2,1,1,0,0,20,5,14,2,3,8,26,6,63,2,3,3,51,10,2,2,3,4,41,10,0,2,187,102,12,2,0,2,1,2,5,5,2,0,52,4,3,5,14,2,2,11,10,3,2,8,22,1,2,3,27,8,86,1,95,4,4,6,16,14,5,9,122,2,1,88,5,96,6,26,1,76,4,4,0,23,1,10,2,5,13,2,13,85,3,1,3,109,2,3,2,2,5,36,2,7,17,25,1,15,64,0,10,1,4,2,6,36,3,4,0,18,12,4,8,7,1,10,10,61,6,11,4,30,8,3,46,4,2,6,7,20,122,3,13,1,1,37,1,8,10,1,10,5,7,0,21,95,9,8,6,0,88,7,3,9,2,4,1,5,6,25,7,0,2,0,3,3,3,0,0,5,2,7,67,11,2,3,1,5,3,66,5,1,4,3,0,10,8,48,7,2,12,5,9,67,61,0,1,19,2,10,182,2,2,2,10,34,1,1,4,4,4,4,87,3,160,112,51,1,75
3,5,29,2,28,7,2,32,13,11,7,14,6,28,12,64,10,14,9,19,25,153,2,8,19,11,11,15,5,17,39,32,1,44,4,12,4,11,27,2,42,26,53,2,4,4,51,19,14,16,93,7,6,5,20,13,25,6,10,14,5,26,31,12,18,12,22,12,13,13,4,27,14,78,9,7,0,38,41,32,5,4,24,8,0,0,5,3,25,63,12,0,7,44,17,40,16,18,19,41,44,9,8,7,35,72,14,30,17,127,7,5,10,6,16,5,10,10,0,14,20,19,10,69,65,9,26,12,23,106,28,2,1,67,14,104,6,2,20,7,19,67,14,8,5,3,16,1,91,81,5,6,37,6,6,20,13,10,10,1,4,11,4,33,30,1,24,25,5,5,19,10,5,5,19,5,17,9,94,1,4,15,9,6,19,15,1,75,8,13,8,24,10,8,31,4,2,4,5,64,15,104,68,7,13,4,12,12,8,14,0,11,26,3,10,4,14,18,15,10,1,2,19,40,21,8,1,9,6,14,77,7,7,22,40,12,10,5,10,8,5,10,13,8,6,4,15,44,12,3,19,4,51,15,29,2,12,15,11,54,13,6,118,8,3,66,62,75,11,46,14,89,16,38,7,29,4,18,10,5,108,8,5,82,7,3,8,22,9,9,8,1,13,2,3,26,0,38,4,5,484,3,19,5,5,10,11,11,4,4,4,6,2,9,44,33,8,23,3,97,31,26,5,58,1,4,96,9,24,32,19,16,97,6,12,15,1,123,25,2,1,13,4,6,11,4,61,213,22,31,27,16,141,7,1,4,9,11,15,11,0,4,14,4,9,14,2,6,3,0,2,10,14,27,40,23,43,6,15,17,18,55,2,23,4,4,6,14,39,43,11,2,3,32,8,33,30,5,4,8,1,15,45,7,7,18,25,16,16,23,10,5,4,13,8,15,109,133,45,2,127
35,14,7,17,88,11,0,26,5,41,40,15,695,16,69,102,12,12,8,53,70,77,29,64,26,9,0,15,3,13,22,41,20,50,9,16,17,7,4,48,12,8,150,4,9,24,93,3,1,39,164,4,17,10,39,2,5,5,10,6,12,44,74,18,1,8,31,9,21,23,3,50,5,123,17,20,123,14,23,7,3,1,2,8,3,2,85,1,37,36,3,0,10,61,45,45,3,17,20,109,18,11,12,22,6,120,251,0,80,159,47,27,9,6,62,6,2,20,6,10,4,5,15,60,36,0,5,61,27,174,13,4,10,200,27,101,7,9,55,60,34,218,25,29,3,12,21,21,126,115,5,8,23,9,6,88,4,17,26,5,27,48,3,40,21,17,11,50,0,5,24,9,19,2,2,10,95,31,58,55,19,34,8,7,69,51,4,32,7,68,16,15,7,6,112,3,3,13,2,38,31,10,92,3,12,13,15,14,44,20,5,12,79,49,4,20,19,57,44,2,3,0,124,59,39,6,1,52,0,10,47,18,5,20,88,5,0,4,20,16,37,13,32,8,2,10,82,4,8,5,51,5,124,28,146,21,27,186,35,25,13,9,213,40,17,222,50,45,22,37,33,113,12,1,11,33,10,8,7,8,42,6,27,80,6,11,22,191,18,9,12,9,71,484,10,52,115,83,13,20,206,3,7,10,4,10,0,18,14,14,19,49,75,16,52,13,8,37,15,96,38,8,12,131,12,26,74,60,6,27,9,11,304,1,50,63,2,131,23,18,6,0,17,6,5,8,96,161,65,17,8,18,239,13,6,3,0,62,57,19,18,105,8,2,13,15,4,22,8,4,3,10,4,29,194,19,5,0,13,3,8,97,2,16,37,9,1,22,17,62,9,6,9,44,16,274,113,6,3,17,3,7,65,15,24,2,46,117,6,3,18,19,5,6,43,3,345,90,19,32,80
247,4,71,90,81,160,237,24,36,139,100,130,219,1160,919,7,29,251,54,237,211,37,79,38,44,61,220,19,29,131,317,440,174,59,44,67,75,34,28,754,134,93,26,29,46,68,8,13,62,75,31,393,78,101,11,255,12,15,28,41,78,10,29,245,32,59,165,63,319,135,36,13,24,6,330,30,373,121,331,104,407,146,138,19,23,67,160,83,261,147,171,172,56,4,28,23,535,39,36,42,78,15,105,457,98,13,397,158,68,40,47,22,83,84,119,234,714,1923,27,35,10,661,160,19,19,42,214,304,46,11,887,77,162,7,89,5,70,13,5,210,296,24,151,441,235,436,453,75,6,38,205,97,27,226,130,314,226,69,62,86,94,84,235,30,956,254,26,35,44,77,220,11,72,42,89,232,394,104,7,74,182,114,55,54,127,36,62,5,60,347,40,281,9,82,14,202,34,168,19,30,317,95,11,313,18,55,22,72,52,43,346,139,69,100,73,22,85,306,9,7,62,59,31,13,45,123,19,309,86,42,104,52,19,264,7,73,117,78,15,106,33,71,492,584,165,35,136,59,5,114,11,650,9,66,10,46,269,96,82,32,244,326,21,96,119,33,27,16,216,10,368,3,242,115,314,4,34,25,177,43,6,42,555,14,73,187,124,27,74,87,258,59,617,35,169,91,404,114,22,1559,34,112,21,27,41,93,114,48,108,69,256,352,79,288,219,46,110,149,449,10,299,111,67,21,70,160,11,200,59,57,145,135,33,77,119,55,100,5,68,120,1238,44,8,40,70,353,9,38,146,50,219,78,20,338,1840,333,142,48,36,98,926,726,71,82,623,45,97,28,257,20,81,45,18,54,62,34,14,43,38,80,18,63,252,124,87,251,35,374,63,5,139,36,76,57,193,103,11,144,65,36,74,207,79,363,681,4,36,100,22,15,15,43,21,30,311,20,22,4,20,80,25
